类型,键,中文
gcl,Drag Person,拖人
name,black_bear,黑熊
tsv,binding_axis_flight_axis_1,横滚
tsv,tooltip_roll_rotation_axis,横滚
tsv,rebind_press_key_to_rebind,按下按键重新绑定
tsv,rebind_press_key_mouse_button_to_rebind,按下按键或鼠标按钮重新绑定
tsv,manual_1,在极端事件（如大流行、自然灾害或战争）发生时，生存是你的首要任务。确保有住所、合适的衣物、水和食物。如果你感到自身安全受到威胁，武器和弹药也是必不可少的。
tsv,manual_55,旅行时，请留意天气变化和日照时长，因为恶劣的条件会让最简单的任务也变成巨大的挑战。
tsv,comp:liquid_port_straight,液体端口(I型·小)
tsv,comp:liquid_port_angle,液体端口(L型·小)
tsv,comp:liquid_port_2_straight,液体端口(I型·大)
tsv,comp:liquid_port_2_angle,液体端口(L型·大)
tsv,comp:gas_port_straight,气体端口(I型·小)
tsv,comp:gas_port_angle,气体端口(L型·小)
tsv,comp:gas_port_2_straight,气体端口(I型·大)
tsv,comp:gas_port_2_angle,气体端口(L型·大)
tsv,comp:electric_port_straight,电气端口(I型)
tsv,comp:electric_port_angle,电气端口(L型)
tsv,comp:data_port_straight,数据端口(I型)
tsv,comp:data_port_angle,数据端口(L型)
tsv,comp:liquid_interface_straight,液体对接面(I型)
tsv,comp:liquid_interface_angle,液体对接面(L型)
tsv,comp:gas_interface_straight,气体对接面(I型)
tsv,comp:gas_interface_angle,气体对接面(L型)
tsv,comp:electrical_interface_straight,电气对接面(I型)
tsv,comp:electrical_interface_angle,电气对接面(L型)
tsv,comp:data_interface_straight,数据对接面(I型)
tsv,comp:data_interface_angle,数据对接面(L型)
tsv,comp:mechanical_interface_in_straight,机械输入对接面(I型)
tsv,comp:mechanical_interface_in_angle,机械输入对接面(L型)
tsv,comp:mechanical_interface_out_straight,机械输出对接面(I型)
tsv,comp:mechanical_interface_out_angle,机械输出对接面(L型)
tsv,comp:torque_interface_straight,扭矩对接面(I型)
tsv,comp:torque_interface_angle,扭矩对接面(L型)
tsv,comp:junction_t_liquid_pipe_a,液体管道(T型·小)
tsv,comp:junction_t_liquid_pipe_b,液体管道(T型·大)
tsv,comp:junction_x_liquid_pipe_a,液体管道(X型·小)
tsv,comp:junction_x_liquid_pipe_b,液体管道(X型·大)
tsv,comp:junction_t_gas_pipe_a,气体管道(T型·小)
tsv,comp:junction_t_gas_pipe_b,气体管道(T型·大)
tsv,comp:junction_x_gas_pipe_a,气体管道(X型·小)
tsv,comp:junction_x_gas_pipe_b,气体管道(X型·大)
tsv,comp:gas_straight_reducer_a_b,气体异径管(小→大)
tsv,comp:liquid_straight_reducer_a_b,液体异径管(小→大)
tsv,comp:liquid_bracket,液体直通管(小)
tsv,comp:liquid_bracket_b,液体直通管(大)
tsv,comp:gas_bracket,气体直通管(小)
tsv,comp:gas_bracket_b,气体直通管(大)
tsv,comp:liquid_valve_straight,液体截止阀(小)
tsv,comp:liquid_valve_straight_b,液体截止阀(大)
tsv,comp:liquid_valve_t,液体三通阀(小)
tsv,comp:gas_valve_straight,气体截止阀(小)
tsv,comp:gas_valve_straight_b,气体截止阀(大)
tsv,comp:gas_valve_t,气体三通阀(小)
tsv,comp:air_manifold,空气歧管(小)
tsv,comp:air_manifold_2,空气歧管(大)
tsv,comp:fuel_manifold,燃油歧管(小)
tsv,comp:fuel_manifold_b,燃油歧管(大)
tsv,comp:oil_manifold,机油歧管(小)
tsv,comp:oil_manifold_b,机油歧管(大)
tsv,comp:coolant_manifold,冷却液歧管(小)
tsv,comp:coolant_manifold_b,冷却液歧管(大)
tsv,comp:exhaust_manifold_angle,排气歧管(L型·小)
tsv,comp:exhaust_manifold_angle_b,排气歧管(L型·大)
tsv,comp:exhaust_manifold_straight,排气歧管(I型·小)
tsv,comp:exhaust_manifold_straight_b,排气歧管(I型·大)
tsv,comp:heat_exchanger_gas_gas,热交换器(气-气)
tsv,comp:heat_exchanger_gas_liquid,热交换器(气-液)
tsv,comp:heat_exchanger_liquid_liquid,热交换器(液-液)
tsv,comp:air_filter,空气滤清器(小)
tsv,comp:air_filter_b,空气滤清器(大)
tsv,comp:gas_vent,排气口(小)
tsv,comp:gas_vent_b,排气口(大)
tsv,comp:engine,直列发动机(小)
tsv,comp:engine_block_b,直列发动机(中)
tsv,comp:engine_block_c,直列发动机(大)
tsv,comp:v_engine,V型发动机(小)
tsv,comp:v_engine_b,V型发动机(中)
tsv,comp:v_engine_c,V型发动机(大)
tsv,comp:opposed_engine,水平对置发动机(小)
tsv,comp:opposed_engine_b,水平对置发动机(中)
tsv,comp:opposed_engine_c,水平对置发动机(大)
tsv,comp:engine_wheel,发动机轮(小)
tsv,comp:engine_wheel_b,发动机轮(中)
tsv,comp:engine_wheel_c,发动机轮(大)
tsv,comp:gearbox,变速箱(小·手动)
tsv,comp:gearbox_b,变速箱(中·气动)
tsv,comp:gearbox_c,变速箱(大·气动)
tsv,comp:gearbox_fixed_ratio,定比变速箱
tsv,comp:differential_gearbox_a,差速器
tsv,comp:differential_gearbox_b,差速器(带直通)
tsv,comp:drive_shaft,传动轴(A)
tsv,comp:drive_shaft_b,传动轴(B)
tsv,comp:drive_shaft_c,传动轴(C)
tsv,comp:turbo,涡轮增压器(A)
tsv,comp:turbo_c,涡轮增压器(B)
tsv,comp:turbo_d,涡轮增压器(C)
tsv,comp:electric_motor_a,电动机(10kW)
tsv,comp:electric_motor_b,电动机(60kW)
tsv,comp:electric_motor_c,电动机(120kW)
tsv,comp:radiator,散热器(3L)
tsv,comp:radiator_b,散热器(12L)
tsv,comp:radiator_fan_a,散热风扇(90W)
tsv,comp:radiator_fan_b,散热风扇(250W)
tsv,comp:radiator_fan_c,散热风扇(980W)
tsv,comp:radiator_fan_d,散热风扇(1620W)
tsv,comp:battery_a,电池座(4kWh)
tsv,comp:battery_b,电池座(2kWh)
tsv,comp:gas_tank_a,储气罐(小)
tsv,comp:gas_tank_b,储气罐(中)
tsv,comp:gas_tank_c,储气罐(大)
tsv,comp:wheel,车轮组件(A)
tsv,comp:wheel_b,车轮组件(B)
tsv,comp:roller_wheel_suspension_a,悬挂负重轮(0.08m)
tsv,comp:roller_wheel_suspension_b,悬挂负重轮(0.16m)
tsv,comp:roller_wheel_suspension_c,悬挂负重轮(0.18m)
tsv,comp:roller_wheel_suspension_d,悬挂负重轮(0.34m)
tsv,comp:roller_wheel_suspension_e,悬挂负重轮(0.23m)
tsv,comp:roller_wheel_suspension_f,悬挂负重轮(0.43m)
tsv,comp:roller_wheel_fixed_a,固定负重轮(0.08m)
tsv,comp:roller_wheel_fixed_b,固定负重轮(0.16m)
tsv,comp:roller_wheel_fixed_c,固定负重轮(0.18m)
tsv,comp:roller_wheel_fixed_d,固定负重轮(0.34m)
tsv,comp:roller_wheel_fixed_e,固定负重轮(0.23m)
tsv,comp:roller_wheel_fixed_f,固定负重轮(0.43m)
tsv,comp:sprocket_a,履带链轮(0.08m)
tsv,comp:sprocket_b,履带链轮(0.16m)
tsv,comp:sprocket_c,履带链轮(0.18m)
tsv,comp:sprocket_d,履带链轮(0.34m)
tsv,comp:sprocket_e,履带链轮(0.23m)
tsv,comp:sprocket_f,履带链轮(0.43m)
tsv,comp:boat_rudder_a,船舵(A)
tsv,comp:boat_rudder_b,船舵(B)
tsv,comp:boat_rudder_c,船舵(C)
tsv,comp:boat_propeller_a,船用螺旋桨(A)
tsv,comp:boat_propeller_b,船用螺旋桨(B)
tsv,comp:boat_propeller_c,船用螺旋桨(C)
tsv,comp:control_fin_a,控制翼片(A)
tsv,comp:control_fin_b,控制翼片(B)
tsv,comp:control_fin_c,控制翼片(C)
tsv,comp:retractable_landing_gear_front,可收放起落架(前)
tsv,comp:retractable_landing_gear_side,可收放起落架(侧)
tsv,comp:tyre_mount,备胎架(普通)
tsv,comp:tyre_mount_b,备胎架(工程)
tsv,comp:bench_seat,长条座椅
tsv,comp:flight_seat,飞行座椅
tsv,comp:high_back_car_seat,高背车座椅
tsv,comp:low_back_car_seat,低背车座椅
tsv,comp:throttle,油门杆
tsv,comp:fighter_jet_throttle,战斗机油门杆
tsv,comp:throttle_collective,总距杆
tsv,comp:flight_stick,飞行摇杆
tsv,comp:flight_yoke,飞行驾驶盘
tsv,comp:switch,开关(自锁)
tsv,comp:toggle_switch,拨钮开关(自锁)
tsv,comp:key_switch,钥匙开关(点动)
tsv,comp:lever_switch_a,杠杆开关(自锁)
tsv,comp:lever_switch_b,杠杆开关(点动)
tsv,comp:7_segment_lcd_display_1,七段显示屏(1位)
tsv,comp:7_segment_lcd_display_3,七段显示屏(3位)
tsv,comp:7_segment_lcd_display_7,七段显示屏(5位)
tsv,comp:7_segment_lcd_display_backlight_1,七段显示屏(1位·背光)
tsv,comp:7_segment_lcd_display_backlight_3,七段显示屏(3位·背光)
tsv,comp:7_segment_lcd_display_backlight_7,七段显示屏(5位·背光)
tsv,comp:light_indicator_a,指示灯(A)
tsv,comp:light_indicator_b,指示灯(B)
tsv,comp:light_indicator_c,指示灯(C)
tsv,comp:light_indicator_arrow_a,指示灯(箭头·A)
tsv,comp:light_indicator_arrow_b,指示灯(箭头·B)
tsv,comp:light_indicator_bulb,指示灯(灯泡)
tsv,comp:light_indicator_round_a,指示灯(圆形·A)
tsv,comp:light_indicator_round_b,指示灯(圆形·B)
tsv,comp:speaker_a,扬声器(A)
tsv,comp:speaker_b,扬声器(B)
tsv,comp:speaker_c,扬声器(C)
tsv,comp:horn_speaker,号角扬声器
tsv,comp:antenna_a,天线(A)
tsv,comp:antenna_b,天线(B)
tsv,comp:antenna_c,天线(C)
tsv,comp:circular_dial_a,刻度盘(摆针·A)
tsv,comp:circular_dial_c,刻度盘(摆针·B)
tsv,comp:circular_dial_f,刻度盘(摆针·C)
tsv,comp:circular_dial_b,刻度盘(旋针·A)
tsv,comp:circular_dial_d,刻度盘(航向·A)
tsv,comp:circular_dial_e,刻度盘(航向·B)
tsv,comp:circular_dial_g,刻度盘(双针·A)
tsv,comp:circular_dial_h,刻度盘(双针·B)
tsv,comp:circular_dial_small_a,小刻度盘(A)
tsv,comp:circular_dial_small_b,小刻度盘(B)
tsv,comp:circular_dial_small_c,小刻度盘(C)
tsv,comp:circular_dial_small_d,小刻度盘(D)
tsv,comp:turnable_knob_a,旋钮(A)
tsv,comp:turnable_knob_b,旋钮(B)
tsv,comp:turnable_knob_c,旋钮(C)
tsv,comp:turnable_knob_d,旋钮(D)
tsv,comp:turnable_knob_e,旋钮(E)
tsv,comp:hydraulic_cylinder_connector,液压杆头(小)
tsv,comp:hydraulic_cylinder_connector_2_2,液压杆头(中)
tsv,comp:hydraulic_cylinder_connector_3_3,液压杆头(大)
tsv,comp:hydraulic_cylinder_connector_base,液压缸座(小)
tsv,comp:hydraulic_cylinder_connector_base_2_2,液压缸座(中)
tsv,comp:hydraulic_cylinder_connector_base_3_3,液压缸座(大)
tsv,comp:pulley_a,滑轮(A)
tsv,comp:pulley_corner_a,滑轮(L型)
tsv,comp:pulley_straight_a,滑轮(I型)
tsv,comp:pulley_wheel,皮带轮
tsv,comp:additive_button_a,按钮(加号·A)
tsv,comp:additive_button_b,按钮(加号·B)
tsv,comp:button_push,按钮(方形)
tsv,comp:button_push_round,按钮(圆形)
tsv,comp:button_push_round_off,按钮(圆形·关)
tsv,comp:button_push_round_on,按钮(圆形·开)
tsv,comp:emergency_stop_button_a,急停按钮(A)
tsv,comp:emergency_stop_button_b,急停按钮(B)
tsv,comp:round_button_arrow,圆按钮(箭头)
tsv,comp:round_button_arrows,圆按钮(箭头组)
tsv,comp:round_button_circle,圆按钮(圆形)
tsv,comp:round_button_square,圆按钮(方形)
tsv,comp:square_button_arrow,方按钮(箭头)
tsv,comp:square_button_arrows,方按钮(箭头组)
tsv,comp:square_button_circle,方按钮(圆形)
tsv,comp:square_button_square,方按钮(方形)
tsv,comp:square_button_off,方按钮(关)
tsv,comp:square_button_on,方按钮(开)
tsv,comp:pintle_mount,武器枢轴支架
tsv,comp:weapon_mount,武器固定支架
tsv,comp:autocannon_40mm,博福斯40mm L/70自动炮
tsv,comp:cannon_120mm,RH120滑膛炮
tsv,comp:tool_box_a,工具箱(8x14)
tsv,comp:tool_box_b,工具箱(8x22)
tsv,comp:medical_gas_tank_a,医用气罐(A)
tsv,comp:medical_gas_tank_b,医用气罐(B)
tsv,comp:chair_a,椅子(A)
tsv,comp:chair_b,椅子(B)
tsv,comp:chair_c,椅子(C)
tsv,comp:chair_d,椅子(D)
tsv,comp:chair_e,椅子(E)
tsv,comp:chair_f,椅子(F)
tsv,comp:chair_g,椅子(G)
tsv,comp:church_chair_a,教堂椅
tsv,comp:hotel_chair_a,酒店椅
tsv,comp:stool_a,凳子(A)
tsv,comp:stool_b,凳子(B)
tsv,comp:stool_c,凳子(C)
tsv,comp:stool_d,凳子(D)
tsv,comp:sofa_a,沙发(A)
tsv,comp:sofa_b,沙发(B)
tsv,comp:sofa_c,沙发(C)
tsv,comp:table_a,桌子(A)
tsv,comp:table_b,桌子(B)
tsv,comp:side_table_a,边桌
tsv,comp:coffee_table_a,咖啡桌
tsv,comp:hotel_coffetable_a,酒店咖啡桌(A)
tsv,comp:hotel_coffetable_b,酒店咖啡桌(B)
tsv,comp:restaurant_table_a,餐桌(A)
tsv,comp:restaurant_table_b,餐桌(B)
tsv,comp:restaurant_table_c,餐桌(C)
tsv,comp:restaurant_table_d,餐桌(D)
tsv,comp:restaurant_table_e,餐桌(E)
tsv,comp:diner_table_a,小餐馆桌(A)
tsv,comp:diner_table_b,小餐馆桌(B)
tsv,comp:lab_table_a,实验台(A)
tsv,comp:lab_table_b,实验台(B)
tsv,comp:lab_table_c,实验台(C)
tsv,comp:science_lab_table_a,科学实验台
tsv,comp:bed_a,床(A)
tsv,comp:bed_b,床(B)
tsv,comp:hotel_bed_a,酒店床
tsv,comp:hospital_bed_a,病床(A)
tsv,comp:hospital_bed_b,病床(B)
tsv,comp:king_bed_a,特大床(A)
tsv,comp:king_bed_b,特大床(B)
tsv,comp:shelving_a,货架(A)
tsv,comp:shelving_b,货架(B)
tsv,comp:shelving_c,货架(C)
tsv,comp:shelving_d,货架(D)
tsv,comp:store_shelves_a,商店货架(A)
tsv,comp:store_shelves_b,商店货架(B)
tsv,comp:store_shelves_c,商店货架(C)
tsv,comp:lumber_shelving_a,木材架(A)
tsv,comp:lumber_shelving_b,木材架(B)
tsv,comp:storage_box_a,储物箱(A)
tsv,comp:storage_box_b,储物箱(B)
tsv,comp:storage_box_c,储物箱(C)
tsv,comp:storage_box_d,储物箱(D)
tsv,comp:storage_box_e,储物箱(E)
tsv,comp:storage_box_f,储物箱(F)
tsv,comp:storage_box_g,储物箱(G)
tsv,comp:book_shelf_a,书架(A)
tsv,comp:book_shelf_b,书架(B)
tsv,comp:book_shelf_c,书架(C)
tsv,comp:book_shelf_d,书架(D)
tsv,comp:locker_a,储物柜(A)
tsv,comp:locker_b,储物柜(B)
tsv,comp:locker_c,储物柜(C)
tsv,comp:booth_a,卡座(A)
tsv,comp:booth_b,卡座(B)
tsv,comp:booth_c,卡座(C)
tsv,comp:sign_shop_a,商店招牌(A)
tsv,comp:sign_shop_b,商店招牌(B)
tsv,comp:sign_shop_c,商店招牌(C)
tsv,comp:hotel_side_tv_a,酒店电视柜
tsv,comp:school_draws_a,学校抽屉柜
tsv,comp:side_table_c,抽屉柜(边桌款)
tsv,comp:wardrobe_a,衣柜
tsv,comp:desk_a,书桌(A)
tsv,comp:hotel_desk_a,酒店书桌
tsv,comp:work_desk_a,办公桌
tsv,comp:workshop_desk_a,车间工作台(A)
tsv,comp:workshop_desk_b,车间工作台(B)
tsv,comp:filing_cabinet_a,文件柜(A)
tsv,comp:filing_cabinet_b,文件柜(B)
tsv,comp:office_cabinet_a,办公柜(A)
tsv,comp:office_cabinet_b,办公柜(B)
tsv,comp:paper_bin_a,纸篓(A)
tsv,comp:paper_bin_b,纸篓(B)
tsv,comp:restaurant_bin_a,餐厅垃圾桶
tsv,comp:trashcan_a,垃圾桶(A)
tsv,comp:trashcan_b,垃圾桶(B)
tsv,comp:lamp_a,台灯(A)
tsv,comp:lamp_b,台灯(B)
tsv,comp:tv_a,电视(A)
tsv,comp:tv_b,电视(B)
tsv,comp:tv_av_set_a,影音电视
tsv,comp:hotel_bed_pouffe_a,酒店脚凳
tsv,comp:pouffe_a,脚凳(A)
tsv,comp:pouffe_b,脚凳(B)
tsv,comp:bench_a,长凳(A)
tsv,comp:bench_b,长凳(B)
tsv,comp:convenience_till_a,便利店收银台
tsv,comp:till_a,收银台
tsv,comp:hand_trucks_a,手推车
tsv,comp:trolly_a,小推车
tsv,comp:hospital_divider_a,病房隔断(A)
tsv,comp:hospital_divider_b,病房隔断(B)
tsv,comp:defibrillator_a,除颤仪(A)
tsv,comp:defibrillator_b,除颤仪(B)
tsv,comp:cleaning_dolly_a,清洁推车
tsv,comp:hotel_cleaning_dolly_a,酒店清洁车
tsv,comp:work_cubical_a,办公隔间(A)
tsv,comp:work_cubical_b,办公隔间(B)
tsv,comp:desk_chair_a,办公椅(A)
tsv,comp:desk_chair_b,办公椅(B)
tsv,comp:pallet_a,托盘(A)
tsv,comp:pallet_b,托盘(B)
tsv,comp:barrel_a,木桶(A)
tsv,comp:barrel_b,木桶(B)
tsv,comp:covered_planks_a,覆板木架(A)
tsv,comp:covered_planks_b,覆板木架(B)
tsv,comp:restaurant_range_a,炉灶(A)
tsv,comp:restaurant_range_b,炉灶(B)
tsv,comp:vaulting_buck_a,跳马(A)
tsv,comp:vaulting_buck_b,跳马(B)
tsv,comp:church_alter_a,祭坛(A)
tsv,comp:church_alter_b,祭坛(B)
tsv,comp:lab_fridge_a,实验室冰箱(A)
tsv,comp:lab_fridge_b,实验室冰箱(B)
tsv,comp:autopsy_sink_a,解剖洗手池
tsv,comp:restaurant_sink_a,餐厅洗手池
tsv,comp:sink_a,洗手池
tsv,comp:building_b_roof_end_a,屋顶端段(A)
tsv,comp:building_b_roof_end_b,屋顶端段(B)
tsv,comp:building_b_roof_end_c,屋顶端段(C)
tsv,comp:building_b_roof_end_d,屋顶端段(D)
tsv,comp:building_b_roof_end_e,屋顶端段(E)
tsv,comp:building_b_roof_mid_a,屋顶中段(A)
tsv,comp:building_b_roof_mid_b,屋顶中段(B)
tsv,comp:building_b_roof_mid_c,屋顶中段(C)
tsv,comp:building_b_door,门(单开)
tsv,comp:building_b_door_double,门(双开)
tsv,comp:building_b_door_garage,车库门
tsv,comp:building_b_door_mirror,门(镜像)
tsv,comp:building_window,窗户(A)
tsv,comp:building_b_window,窗户(B)
tsv,comp:building_b_stair_base,楼梯(底部)
tsv,comp:building_b_stair_riser,楼梯(梯级)
tsv,comp:ladder,梯子(A)
tsv,comp:ladder_a,梯子(B)
tsv,comp:compass_sensor,罗盘传感器
tsv,comp:electric_relay,电力继电器
name,comp:liquid_port_straight,液体端口(I型·小)
name,comp:liquid_port_angle,液体端口(L型·小)
name,comp:liquid_port_2_straight,液体端口(I型·大)
name,comp:liquid_port_2_angle,液体端口(L型·大)
name,comp:gas_port_straight,气体端口(I型·小)
name,comp:gas_port_angle,气体端口(L型·小)
name,comp:gas_port_2_straight,气体端口(I型·大)
name,comp:gas_port_2_angle,气体端口(L型·大)
name,comp:electric_port_straight,电气端口(I型)
name,comp:electric_port_angle,电气端口(L型)
name,comp:data_port_straight,数据端口(I型)
name,comp:data_port_angle,数据端口(L型)
name,comp:liquid_interface_straight,液体对接面(I型)
name,comp:liquid_interface_angle,液体对接面(L型)
name,comp:gas_interface_straight,气体对接面(I型)
name,comp:gas_interface_angle,气体对接面(L型)
name,comp:electrical_interface_straight,电气对接面(I型)
name,comp:electrical_interface_angle,电气对接面(L型)
name,comp:data_interface_straight,数据对接面(I型)
name,comp:data_interface_angle,数据对接面(L型)
name,comp:mechanical_interface_in_straight,机械输入对接面(I型)
name,comp:mechanical_interface_in_angle,机械输入对接面(L型)
name,comp:mechanical_interface_out_straight,机械输出对接面(I型)
name,comp:mechanical_interface_out_angle,机械输出对接面(L型)
name,comp:torque_interface_straight,扭矩对接面(I型)
name,comp:torque_interface_angle,扭矩对接面(L型)
name,comp:junction_t_liquid_pipe_a,液体管道(T型·小)
name,comp:junction_t_liquid_pipe_b,液体管道(T型·大)
name,comp:junction_x_liquid_pipe_a,液体管道(X型·小)
name,comp:junction_x_liquid_pipe_b,液体管道(X型·大)
name,comp:junction_t_gas_pipe_a,气体管道(T型·小)
name,comp:junction_t_gas_pipe_b,气体管道(T型·大)
name,comp:junction_x_gas_pipe_a,气体管道(X型·小)
name,comp:junction_x_gas_pipe_b,气体管道(X型·大)
name,comp:gas_straight_reducer_a_b,气体异径管(小→大)
name,comp:liquid_straight_reducer_a_b,液体异径管(小→大)
name,comp:liquid_bracket,液体直通管(小)
name,comp:liquid_bracket_b,液体直通管(大)
name,comp:gas_bracket,气体直通管(小)
name,comp:gas_bracket_b,气体直通管(大)
name,comp:liquid_valve_straight,液体截止阀(小)
name,comp:liquid_valve_straight_b,液体截止阀(大)
name,comp:liquid_valve_t,液体三通阀(小)
name,comp:gas_valve_straight,气体截止阀(小)
name,comp:gas_valve_straight_b,气体截止阀(大)
name,comp:gas_valve_t,气体三通阀(小)
name,comp:air_manifold,空气歧管(小)
name,comp:air_manifold_2,空气歧管(大)
name,comp:fuel_manifold,燃油歧管(小)
name,comp:fuel_manifold_b,燃油歧管(大)
name,comp:oil_manifold,机油歧管(小)
name,comp:oil_manifold_b,机油歧管(大)
name,comp:coolant_manifold,冷却液歧管(小)
name,comp:coolant_manifold_b,冷却液歧管(大)
name,comp:exhaust_manifold_angle,排气歧管(L型·小)
name,comp:exhaust_manifold_angle_b,排气歧管(L型·大)
name,comp:exhaust_manifold_straight,排气歧管(I型·小)
name,comp:exhaust_manifold_straight_b,排气歧管(I型·大)
name,comp:heat_exchanger_gas_gas,热交换器(气-气)
name,comp:heat_exchanger_gas_liquid,热交换器(气-液)
name,comp:heat_exchanger_liquid_liquid,热交换器(液-液)
name,comp:air_filter,空气滤清器(小)
name,comp:air_filter_b,空气滤清器(大)
name,comp:gas_vent,排气口(小)
name,comp:gas_vent_b,排气口(大)
name,comp:engine,直列发动机(小)
name,comp:engine_block_b,直列发动机(中)
name,comp:engine_block_c,直列发动机(大)
name,comp:v_engine,V型发动机(小)
name,comp:v_engine_b,V型发动机(中)
name,comp:v_engine_c,V型发动机(大)
name,comp:opposed_engine,水平对置发动机(小)
name,comp:opposed_engine_b,水平对置发动机(中)
name,comp:opposed_engine_c,水平对置发动机(大)
name,comp:engine_wheel,发动机轮(小)
name,comp:engine_wheel_b,发动机轮(中)
name,comp:engine_wheel_c,发动机轮(大)
name,comp:gearbox,变速箱(小·手动)
name,comp:gearbox_b,变速箱(中·气动)
name,comp:gearbox_c,变速箱(大·气动)
name,comp:gearbox_fixed_ratio,定比变速箱
name,comp:differential_gearbox_a,差速器
name,comp:differential_gearbox_b,差速器(带直通)
name,comp:drive_shaft,传动轴(A)
name,comp:drive_shaft_b,传动轴(B)
name,comp:drive_shaft_c,传动轴(C)
name,comp:turbo,涡轮增压器(A)
name,comp:turbo_c,涡轮增压器(B)
name,comp:turbo_d,涡轮增压器(C)
name,comp:electric_motor_a,电动机(10kW)
name,comp:electric_motor_b,电动机(60kW)
name,comp:electric_motor_c,电动机(120kW)
name,comp:radiator,散热器(3L)
name,comp:radiator_b,散热器(12L)
name,comp:radiator_fan_a,散热风扇(90W)
name,comp:radiator_fan_b,散热风扇(250W)
name,comp:radiator_fan_c,散热风扇(980W)
name,comp:radiator_fan_d,散热风扇(1620W)
name,comp:battery_a,电池座(4kWh)
name,comp:battery_b,电池座(2kWh)
name,comp:gas_tank_a,储气罐(小)
name,comp:gas_tank_b,储气罐(中)
name,comp:gas_tank_c,储气罐(大)
name,comp:wheel,车轮组件(A)
name,comp:wheel_b,车轮组件(B)
name,comp:roller_wheel_suspension_a,悬挂负重轮(0.08m)
name,comp:roller_wheel_suspension_b,悬挂负重轮(0.16m)
name,comp:roller_wheel_suspension_c,悬挂负重轮(0.18m)
name,comp:roller_wheel_suspension_d,悬挂负重轮(0.34m)
name,comp:roller_wheel_suspension_e,悬挂负重轮(0.23m)
name,comp:roller_wheel_suspension_f,悬挂负重轮(0.43m)
name,comp:roller_wheel_fixed_a,固定负重轮(0.08m)
name,comp:roller_wheel_fixed_b,固定负重轮(0.16m)
name,comp:roller_wheel_fixed_c,固定负重轮(0.18m)
name,comp:roller_wheel_fixed_d,固定负重轮(0.34m)
name,comp:roller_wheel_fixed_e,固定负重轮(0.23m)
name,comp:roller_wheel_fixed_f,固定负重轮(0.43m)
name,comp:sprocket_a,履带链轮(0.08m)
name,comp:sprocket_b,履带链轮(0.16m)
name,comp:sprocket_c,履带链轮(0.18m)
name,comp:sprocket_d,履带链轮(0.34m)
name,comp:sprocket_e,履带链轮(0.23m)
name,comp:sprocket_f,履带链轮(0.43m)
name,comp:boat_rudder_a,船舵(A)
name,comp:boat_rudder_b,船舵(B)
name,comp:boat_rudder_c,船舵(C)
name,comp:boat_propeller_a,船用螺旋桨(A)
name,comp:boat_propeller_b,船用螺旋桨(B)
name,comp:boat_propeller_c,船用螺旋桨(C)
name,comp:control_fin_a,控制翼片(A)
name,comp:control_fin_b,控制翼片(B)
name,comp:control_fin_c,控制翼片(C)
name,comp:retractable_landing_gear_front,可收放起落架(前)
name,comp:retractable_landing_gear_side,可收放起落架(侧)
name,comp:tyre_mount,备胎架(普通)
name,comp:tyre_mount_b,备胎架(工程)
name,comp:bench_seat,长条座椅
name,comp:flight_seat,飞行座椅
name,comp:high_back_car_seat,高背车座椅
name,comp:low_back_car_seat,低背车座椅
name,comp:throttle,油门杆
name,comp:fighter_jet_throttle,战斗机油门杆
name,comp:throttle_collective,总距杆
name,comp:flight_stick,飞行摇杆
name,comp:flight_yoke,飞行驾驶盘
name,comp:switch,开关(自锁)
name,comp:toggle_switch,拨钮开关(自锁)
name,comp:key_switch,钥匙开关(点动)
name,comp:lever_switch_a,杠杆开关(自锁)
name,comp:lever_switch_b,杠杆开关(点动)
name,comp:7_segment_lcd_display_1,七段显示屏(1位)
name,comp:7_segment_lcd_display_3,七段显示屏(3位)
name,comp:7_segment_lcd_display_7,七段显示屏(5位)
name,comp:7_segment_lcd_display_backlight_1,七段显示屏(1位·背光)
name,comp:7_segment_lcd_display_backlight_3,七段显示屏(3位·背光)
name,comp:7_segment_lcd_display_backlight_7,七段显示屏(5位·背光)
name,comp:light_indicator_a,指示灯(A)
name,comp:light_indicator_b,指示灯(B)
name,comp:light_indicator_c,指示灯(C)
name,comp:light_indicator_arrow_a,指示灯(箭头·A)
name,comp:light_indicator_arrow_b,指示灯(箭头·B)
name,comp:light_indicator_bulb,指示灯(灯泡)
name,comp:light_indicator_round_a,指示灯(圆形·A)
name,comp:light_indicator_round_b,指示灯(圆形·B)
name,comp:speaker_a,扬声器(A)
name,comp:speaker_b,扬声器(B)
name,comp:speaker_c,扬声器(C)
name,comp:horn_speaker,号角扬声器
name,comp:antenna_a,天线(A)
name,comp:antenna_b,天线(B)
name,comp:antenna_c,天线(C)
name,comp:circular_dial_a,刻度盘(摆针·A)
name,comp:circular_dial_c,刻度盘(摆针·B)
name,comp:circular_dial_f,刻度盘(摆针·C)
name,comp:circular_dial_b,刻度盘(旋针·A)
name,comp:circular_dial_d,刻度盘(航向·A)
name,comp:circular_dial_e,刻度盘(航向·B)
name,comp:circular_dial_g,刻度盘(双针·A)
name,comp:circular_dial_h,刻度盘(双针·B)
name,comp:circular_dial_small_a,小刻度盘(A)
name,comp:circular_dial_small_b,小刻度盘(B)
name,comp:circular_dial_small_c,小刻度盘(C)
name,comp:circular_dial_small_d,小刻度盘(D)
name,comp:turnable_knob_a,旋钮(A)
name,comp:turnable_knob_b,旋钮(B)
name,comp:turnable_knob_c,旋钮(C)
name,comp:turnable_knob_d,旋钮(D)
name,comp:turnable_knob_e,旋钮(E)
name,comp:hydraulic_cylinder_connector,液压杆头(小)
name,comp:hydraulic_cylinder_connector_2_2,液压杆头(中)
name,comp:hydraulic_cylinder_connector_3_3,液压杆头(大)
name,comp:hydraulic_cylinder_connector_base,液压缸座(小)
name,comp:hydraulic_cylinder_connector_base_2_2,液压缸座(中)
name,comp:hydraulic_cylinder_connector_base_3_3,液压缸座(大)
name,comp:pulley_a,滑轮(A)
name,comp:pulley_corner_a,滑轮(L型)
name,comp:pulley_straight_a,滑轮(I型)
name,comp:pulley_wheel,皮带轮
name,comp:additive_button_a,按钮(加号·A)
name,comp:additive_button_b,按钮(加号·B)
name,comp:button_push,按钮(方形)
name,comp:button_push_round,按钮(圆形)
name,comp:button_push_round_off,按钮(圆形·关)
name,comp:button_push_round_on,按钮(圆形·开)
name,comp:emergency_stop_button_a,急停按钮(A)
name,comp:emergency_stop_button_b,急停按钮(B)
name,comp:round_button_arrow,圆按钮(箭头)
name,comp:round_button_arrows,圆按钮(箭头组)
name,comp:round_button_circle,圆按钮(圆形)
name,comp:round_button_square,圆按钮(方形)
name,comp:square_button_arrow,方按钮(箭头)
name,comp:square_button_arrows,方按钮(箭头组)
name,comp:square_button_circle,方按钮(圆形)
name,comp:square_button_square,方按钮(方形)
name,comp:square_button_off,方按钮(关)
name,comp:square_button_on,方按钮(开)
name,comp:pintle_mount,武器枢轴支架
name,comp:weapon_mount,武器固定支架
name,comp:autocannon_40mm,博福斯40mm L/70自动炮
name,comp:cannon_120mm,RH120滑膛炮
name,comp:tool_box_a,工具箱(8x14)
name,comp:tool_box_b,工具箱(8x22)
name,comp:medical_gas_tank_a,医用气罐(A)
name,comp:medical_gas_tank_b,医用气罐(B)
name,comp:chair_a,椅子(A)
name,comp:chair_b,椅子(B)
name,comp:chair_c,椅子(C)
name,comp:chair_d,椅子(D)
name,comp:chair_e,椅子(E)
name,comp:chair_f,椅子(F)
name,comp:chair_g,椅子(G)
name,comp:church_chair_a,教堂椅
name,comp:hotel_chair_a,酒店椅
name,comp:stool_a,凳子(A)
name,comp:stool_b,凳子(B)
name,comp:stool_c,凳子(C)
name,comp:stool_d,凳子(D)
name,comp:sofa_a,沙发(A)
name,comp:sofa_b,沙发(B)
name,comp:sofa_c,沙发(C)
name,comp:table_a,桌子(A)
name,comp:table_b,桌子(B)
name,comp:side_table_a,边桌
name,comp:coffee_table_a,咖啡桌
name,comp:hotel_coffetable_a,酒店咖啡桌(A)
name,comp:hotel_coffetable_b,酒店咖啡桌(B)
name,comp:restaurant_table_a,餐桌(A)
name,comp:restaurant_table_b,餐桌(B)
name,comp:restaurant_table_c,餐桌(C)
name,comp:restaurant_table_d,餐桌(D)
name,comp:restaurant_table_e,餐桌(E)
name,comp:diner_table_a,小餐馆桌(A)
name,comp:diner_table_b,小餐馆桌(B)
name,comp:lab_table_a,实验台(A)
name,comp:lab_table_b,实验台(B)
name,comp:lab_table_c,实验台(C)
name,comp:science_lab_table_a,科学实验台
name,comp:bed_a,床(A)
name,comp:bed_b,床(B)
name,comp:hotel_bed_a,酒店床
name,comp:hospital_bed_a,病床(A)
name,comp:hospital_bed_b,病床(B)
name,comp:king_bed_a,特大床(A)
name,comp:king_bed_b,特大床(B)
name,comp:shelving_a,货架(A)
name,comp:shelving_b,货架(B)
name,comp:shelving_c,货架(C)
name,comp:shelving_d,货架(D)
name,comp:store_shelves_a,商店货架(A)
name,comp:store_shelves_b,商店货架(B)
name,comp:store_shelves_c,商店货架(C)
name,comp:lumber_shelving_a,木材架(A)
name,comp:lumber_shelving_b,木材架(B)
name,comp:storage_box_a,储物箱(A)
name,comp:storage_box_b,储物箱(B)
name,comp:storage_box_c,储物箱(C)
name,comp:storage_box_d,储物箱(D)
name,comp:storage_box_e,储物箱(E)
name,comp:storage_box_f,储物箱(F)
name,comp:storage_box_g,储物箱(G)
name,comp:book_shelf_a,书架(A)
name,comp:book_shelf_b,书架(B)
name,comp:book_shelf_c,书架(C)
name,comp:book_shelf_d,书架(D)
name,comp:locker_a,储物柜(A)
name,comp:locker_b,储物柜(B)
name,comp:locker_c,储物柜(C)
name,comp:booth_a,卡座(A)
name,comp:booth_b,卡座(B)
name,comp:booth_c,卡座(C)
name,comp:sign_shop_a,商店招牌(A)
name,comp:sign_shop_b,商店招牌(B)
name,comp:sign_shop_c,商店招牌(C)
name,comp:hotel_side_tv_a,酒店电视柜
name,comp:school_draws_a,学校抽屉柜
name,comp:side_table_c,抽屉柜(边桌款)
name,comp:wardrobe_a,衣柜
name,comp:desk_a,书桌(A)
name,comp:hotel_desk_a,酒店书桌
name,comp:work_desk_a,办公桌
name,comp:workshop_desk_a,车间工作台(A)
name,comp:workshop_desk_b,车间工作台(B)
name,comp:filing_cabinet_a,文件柜(A)
name,comp:filing_cabinet_b,文件柜(B)
name,comp:office_cabinet_a,办公柜(A)
name,comp:office_cabinet_b,办公柜(B)
name,comp:paper_bin_a,纸篓(A)
name,comp:paper_bin_b,纸篓(B)
name,comp:restaurant_bin_a,餐厅垃圾桶
name,comp:trashcan_a,垃圾桶(A)
name,comp:trashcan_b,垃圾桶(B)
name,comp:lamp_a,台灯(A)
name,comp:lamp_b,台灯(B)
name,comp:tv_a,电视(A)
name,comp:tv_b,电视(B)
name,comp:tv_av_set_a,影音电视
name,comp:hotel_bed_pouffe_a,酒店脚凳
name,comp:pouffe_a,脚凳(A)
name,comp:pouffe_b,脚凳(B)
name,comp:bench_a,长凳(A)
name,comp:bench_b,长凳(B)
name,comp:convenience_till_a,便利店收银台
name,comp:till_a,收银台
name,comp:hand_trucks_a,手推车
name,comp:trolly_a,小推车
name,comp:hospital_divider_a,病房隔断(A)
name,comp:hospital_divider_b,病房隔断(B)
name,comp:defibrillator_a,除颤仪(A)
name,comp:defibrillator_b,除颤仪(B)
name,comp:cleaning_dolly_a,清洁推车
name,comp:hotel_cleaning_dolly_a,酒店清洁车
name,comp:work_cubical_a,办公隔间(A)
name,comp:work_cubical_b,办公隔间(B)
name,comp:desk_chair_a,办公椅(A)
name,comp:desk_chair_b,办公椅(B)
name,comp:pallet_a,托盘(A)
name,comp:pallet_b,托盘(B)
name,comp:barrel_a,木桶(A)
name,comp:barrel_b,木桶(B)
name,comp:covered_planks_a,覆板木架(A)
name,comp:covered_planks_b,覆板木架(B)
name,comp:restaurant_range_a,炉灶(A)
name,comp:restaurant_range_b,炉灶(B)
name,comp:vaulting_buck_a,跳马(A)
name,comp:vaulting_buck_b,跳马(B)
name,comp:church_alter_a,祭坛(A)
name,comp:church_alter_b,祭坛(B)
name,comp:lab_fridge_a,实验室冰箱(A)
name,comp:lab_fridge_b,实验室冰箱(B)
name,comp:autopsy_sink_a,解剖洗手池
name,comp:restaurant_sink_a,餐厅洗手池
name,comp:sink_a,洗手池
name,comp:building_b_roof_end_a,屋顶端段(A)
name,comp:building_b_roof_end_b,屋顶端段(B)
name,comp:building_b_roof_end_c,屋顶端段(C)
name,comp:building_b_roof_end_d,屋顶端段(D)
name,comp:building_b_roof_end_e,屋顶端段(E)
name,comp:building_b_roof_mid_a,屋顶中段(A)
name,comp:building_b_roof_mid_b,屋顶中段(B)
name,comp:building_b_roof_mid_c,屋顶中段(C)
name,comp:building_b_door,门(单开)
name,comp:building_b_door_double,门(双开)
name,comp:building_b_door_garage,车库门
name,comp:building_b_door_mirror,门(镜像)
name,comp:building_window,窗户(A)
name,comp:building_b_window,窗户(B)
name,comp:building_b_stair_base,楼梯(底部)
name,comp:building_b_stair_riser,楼梯(梯级)
name,comp:ladder,梯子(A)
name,comp:ladder_a,梯子(B)
name,comp:compass_sensor,罗盘传感器
name,comp:electric_relay,电力继电器
tsv,item:machine_pistol,格洛克17手枪
tsv,item:machine_pistol_magazine,格洛克17弹匣
tsv,item:machine_pistol_reflex_sight,格洛克17反射瞄具
tsv,item:semi_automatic_pistol,伯莱塔M9手枪
tsv,item:semi_automatic_pistol_magazine,伯莱塔M9弹匣
tsv,item:semi_automatic_pistol_hi_power,勃朗宁大威力手枪
tsv,item:semi_automatic_pistol_hi_power_magazine,勃朗宁大威力弹匣
tsv,item:automatic_pistol,M1911 MEU(SOC)手枪
tsv,item:automatic_pistol_magazine,M1911弹匣
tsv,item:mg_3,MG3通用机枪
tsv,item:mg_3_magazine,MG3弹匣
tsv,item:m2,M2重机枪
tsv,item:ammo_can_m2,M2弹药箱
tsv,item:minigun,M134加特林机枪
tsv,item:ammo_can_minigun,M134弹药箱
tsv,item:submachine_gun_45,UMP45冲锋枪
tsv,item:submachine_gun_45_magazine,UMP45弹匣
tsv,item:submachine_gun_a3,MP5A3冲锋枪
tsv,item:submachine_gun_a3_tactical,MP5A3战术冲锋枪
tsv,item:submachine_gun_a4,MP5A4冲锋枪
tsv,item:submachine_gun_k_pdw,MP5K-PDW冲锋枪
tsv,item:submachine_gun_sd,MP5SD冲锋枪
tsv,item:submachine_gun_magazine,MP5弹匣
tsv,item:grenade_launcher,MK19自动榴弹发射器
tsv,item:ammo_can_grenade_launcher,MK19弹药箱
tsv,item:battle_rifle,M14战斗步枪
tsv,item:battle_rifle_magazine,M14弹匣
tsv,item:revolver_3,S&W686左轮(2.5寸)
tsv,item:revolver_4,S&W686左轮(4寸)
tsv,item:revolver_6,S&W686左轮(6寸)
tsv,item:assault_rifle_107,AK-107突击步枪
tsv,item:assault_rifle_107_magazine,AK-107弹匣
tsv,item:rifle_a3,L85A3步枪
tsv,item:rifle_a3_magazine,L85A3弹匣
tsv,item:rifle_short_barrel,HK416卡宾枪(11寸管)
tsv,item:rifle_long_barrel,HK416步枪(14.5寸管)
tsv,item:rifle_magazine,HK416弹匣
tsv,item:bolt_action_rifle,Kar98k栓动步枪
tsv,item:bolt_action_sniper_rifle,AWP狙击步枪
tsv,item:bolt_action_sniper_rifle_magazine,AWP弹匣
tsv,item:light_machine_gun_m1,AUG A3 M1轻机枪
tsv,item:light_machine_gun_sa,AUG A3 M2轻机枪
tsv,item:light_machine_gun_magazine,AUG弹匣
tsv,item:squad_automatic_weapon,M249班用机枪
tsv,item:squad_automatic_weapon_magazine,M249弹匣
tsv,item:general_purpose_machine_gun,FN MAG通用机枪
tsv,item:general_purpose_machine_gun_magazine,FN MAG弹匣
tsv,item:single_shot_shotgun_12_gauge,Stevens 94单发霰弹枪
tsv,item:pump_action_shotgun,M870 Express泵动霰弹枪
tsv,item:pump_action_shotgun_tactical,M870 Express战术霰弹枪
tsv,item:rifle_scope_5_25x56,5-25×56步枪瞄准镜
tsv,item:rifle_scope_1_6x26_ffp,1-6×26步枪瞄准镜
tsv,item:backpack_pouch,背包附袋(2x3)
tsv,item:belt_pouch_a,腰带袋(1x1)
tsv,item:belt_pouch_b,腰带袋(1x2·A)
tsv,item:belt_pouch_c,腰带袋(1x2·B)
tsv,item:helmet_pouch,头盔袋(1x1)
tsv,item:large_pouch,大号袋(3x3)
tsv,item:loose_pouch,宽松袋(2x2)
tsv,item:medium_pouch,中号袋(1x2·带挂点)
tsv,item:medium_pouch_b,中号袋(1x2·B)
tsv,item:medium_pouch_c,中号袋(1x2·C)
tsv,item:medium_pouch_d,中号袋(1x2·D)
tsv,item:medium_pouch_e,中号袋(1x2·带挂点B)
tsv,item:molle_pouch,MOLLE袋(2x2)
tsv,item:penknife_pouch,小刀袋(1x2)
tsv,item:pocket_pouch,挂包(3x2)
tsv,item:pouch_ammo_pistol,手枪弹袋(1x2)
tsv,item:sere_pouch_a,SERE袋(2x2)
tsv,item:sere_pouch_b,SERE袋(2x3)
tsv,item:sere_pouch_c,SERE袋(3x2)
tsv,item:small_pouch,小号袋(1x1)
tsv,item:henley_top,亨利领衫
tsv,item:military_shirt,军用衬衫
tsv,item:military_shirt_sleeves,军用衬衫(卷袖)
tsv,item:military_shirt_tucked_in_a,军用衬衫(束腰·A)
tsv,item:military_shirt_tucked_in_b,军用衬衫(束腰·B)
tsv,item:park_ranger_shirt,护林员衬衫
tsv,item:park_ranger_shirt_tucked_in,护林员衬衫(束腰)
tsv,item:pilot_shirt,飞行员衬衫
tsv,item:pilot_shirt_tucked_in,飞行员衬衫(束腰)
tsv,item:polo_shirt,Polo衫
tsv,item:safari_shirt,猎装衬衫
tsv,item:scrubs_shirt,手术服上衣
tsv,item:shirt,衬衫
tsv,item:shirt_button_up,纽扣衬衫
tsv,item:shirt_button_up_tucked_in,纽扣衬衫(束腰)
tsv,item:shirt_tucked_in,衬衫(束腰)
tsv,item:short_sleeve_shirt,短袖衬衫
tsv,item:short_sleeve_shirt_tucked_in,短袖衬衫(束腰)
tsv,item:t_shirt,T恤
tsv,item:chainsaw_trousers,链锯裤
tsv,item:fire_fighter_padded_trousers,消防加垫裤
tsv,item:fire_fighter_trousers,消防裤
tsv,item:jeans,牛仔裤
tsv,item:joggers,慢跑裤
tsv,item:military_trousers,军裤
tsv,item:military_trousers_drop_leg_bag,军裤(腿袋)
tsv,item:military_trousers_kneepads,军裤(护膝)
tsv,item:motorcyclist_leather_trousers,摩托皮裤
tsv,item:scrubs_trousers,手术裤
tsv,item:ski_trousers,滑雪裤
tsv,item:trousers,长裤
tsv,item:trousers_leg_bag,长裤(腿袋)
tsv,item:walking_trousers,徒步裤
tsv,item:waterproof_leggings,防水腿套
tsv,item:working_trousers,工装裤
tsv,item:bag_24_7_rucsac,军用背包(24/7)
tsv,item:bag_guide_45,向导背包(45)
tsv,item:bag_guide_45_short,向导背包(45·短)
tsv,item:bag_school_backpack,书包
tsv,item:bag_tactical_ranger_24l,战术背包(24L)
tsv,item:bag_tactical_ranger_37l,战术背包(37L)
tsv,item:bag_tactical_ranger_55l,战术背包(55L)
tsv,item:bag_tactical_ranger_60l,战术背包(60L)
tsv,item:military_backpack,军用背包
tsv,item:arctic_gloves,极地手套
tsv,item:chainsaw_gloves,链锯手套
tsv,item:disposable_gloves,一次性手套
tsv,item:driving_gloves,驾驶手套
tsv,item:fingerless_gloves,露指手套
tsv,item:fire_fighter_gloves,消防手套
tsv,item:leather_gloves,皮手套
tsv,item:military_gloves,军用手套
tsv,item:working_gloves,工装手套
tsv,item:fire_fighter_boots,消防靴
tsv,item:fishing_boots,涉水靴
tsv,item:hazmat_boots,防化靴
tsv,item:military_boots,军靴
tsv,item:motorcylist_boots,摩托靴
tsv,item:walking_boots,徒步靴
tsv,item:wellingtons,雨靴
tsv,item:western_boots,牛仔靴
tsv,item:combat_helmet,战斗头盔
tsv,item:fire_fighter_helmet,消防头盔
tsv,item:military_helmet,军用头盔
tsv,item:motorcyclist_helmet,摩托头盔
tsv,item:racing_helmet,赛车头盔
tsv,item:raf_helmet,飞行头盔(RAF)
tsv,item:raf_helmet_c_type,飞行头盔(C型)
tsv,item:safety_helmet,安全头盔
tsv,item:insignia_patch_1_1,臂章(12x12)
tsv,item:insignia_patch_1_2,臂章(12x24)
tsv,item:insignia_patch_2_1,臂章(24x12)
tsv,item:insignia_patch_2_2,臂章(24x24)
tsv,item:insignia_patch_3_1,臂章(36x12)
tsv,item:insignia_patch_3_2,臂章(36x24)
tsv,item:insignia_patch_4_1,臂章(48x12)
tsv,item:insignia_patch_4_2,臂章(48x24)
tsv,item:blazer_and_tie,西装外套(领带)
tsv,item:fire_fighter_jacket,消防夹克
tsv,item:fishing_jacket,钓鱼夹克
tsv,item:hi_vis_jacket,高可视夹克
tsv,item:motorcyclist_leather_jacket,摩托皮夹克
tsv,item:pilot_blazer,飞行员西装
tsv,item:adventure_hat,探险帽
tsv,item:park_ranger_hat,护林员帽
tsv,item:pilot_hat,飞行帽
tsv,item:straw_hat,草帽
tsv,item:western_hat,牛仔帽
tsv,item:overalls,连体工作服
tsv,item:hi_vis_overalls,高可视连体工作服
tsv,item:disposable_coveralls,一次性连体防护服
tsv,item:driving_leather_suit,赛车连体皮服
tsv,item:flying_suit,飞行服
tsv,item:motorcyclist_leather_suit,摩托连体皮服
tsv,item:cap,鸭舌帽
tsv,item:chef_skullcap,厨师帽
tsv,item:scrubs_hat,手术帽
tsv,item:hi_vis_vest,高可视背心
tsv,item:military_vest,战术背心
tsv,item:military_vest_tucked_in,战术背心(束腰)
tsv,item:body_warmer,棉马甲
tsv,item:waistcoat,马甲
tsv,item:western_waistcoat,牛仔马甲
tsv,item:doctors_coat,白大褂
tsv,item:hi_vis_coat,高可视外套
tsv,item:military_coat,军大衣
tsv,item:nurse_shoes,护士鞋
tsv,item:shoes,便鞋
tsv,item:trainers,运动鞋
tsv,item:beanie,针织帽
tsv,item:ski_beanie,滑雪针织帽
tsv,item:ushanka,雷锋帽
tsv,item:ushanka_open,雷锋帽(耳罩竖起)
tsv,item:balaclava,头套
tsv,item:ski_mask,滑雪面罩
tsv,item:aviator_sunglasses,飞行员太阳镜
tsv,item:military_sunglasses,军用太阳镜
tsv,item:park_ranger_shorts,护林员短裤
tsv,item:shorts,短裤
tsv,item:wheel_car,汽车车轮(0.30m)
tsv,item:wheel_rim_20,汽车车轮(0.33m)
tsv,item:wheel_rim_20_tread,汽车车轮(0.33m·防滑)
tsv,item:wheel_rim_22,汽车车轮(0.36m)
tsv,item:wheel_rim_22_tread,汽车车轮(0.39m·防滑)
tsv,item:wheel_rim_24,汽车车轮(0.34m)
tsv,item:wheel_rim_24_tread,汽车车轮(0.39m·防滑)
tsv,item:wheel_5_prong,汽车车轮(五辐·0.34m)
tsv,item:wheel_5_prong_tread,汽车车轮(五辐·0.34m·防滑)
tsv,item:wheel_truck,卡车车轮(0.73m)
tsv,item:wheel_truck_in_a,卡车车轮(0.56m·内)
tsv,item:wheel_truck_in_b,卡车车轮(0.62m·内)
tsv,item:wheel_truck_out_a,卡车车轮(0.56m·外)
tsv,item:wheel_truck_out_b,卡车车轮(0.62m·外)
tsv,item:wheel_construction,工程车轮(A)
tsv,item:wheel_construction_lws,工程车轮(B)
tsv,item:wheel_tractor_a,拖拉机车轮(A)
tsv,item:wheel_tractor_b,拖拉机车轮(B)
tsv,item:air_filter,空气滤清器芯(小)
tsv,item:air_filter_b,空气滤清器芯(大)
tsv,item:battery_a,电池(4kWh)
tsv,item:battery_b,电池(2kWh)
tsv,item:food_unlabelled_a,罐头食品(A)
tsv,item:food_unlabelled_b,罐头食品(B)
tsv,item:food_unlabelled_c,罐头食品(C)
tsv,item:crate_a,板条箱(8x5)
tsv,item:crate_b,板条箱(8x10)
tsv,item:crate_c,板条箱(8x20)
tsv,item:radio_a,对讲机(A)
tsv,item:radio_b,对讲机(B)
tsv,item:foldable_peep_sight,折叠照门(顶部)
tsv,item:foldable_peep_sight_front,折叠照门(前部)
tsv,item:rope,绳索
tsv,item:binoculars,望远镜
tsv,item:mask,面罩
tsv,item:military_mask,防毒面具
name,item:machine_pistol,格洛克17手枪
name,item:machine_pistol_magazine,格洛克17弹匣
name,item:machine_pistol_reflex_sight,格洛克17反射瞄具
name,item:semi_automatic_pistol,伯莱塔M9手枪
name,item:semi_automatic_pistol_magazine,伯莱塔M9弹匣
name,item:semi_automatic_pistol_hi_power,勃朗宁大威力手枪
name,item:semi_automatic_pistol_hi_power_magazine,勃朗宁大威力弹匣
name,item:automatic_pistol,M1911 MEU(SOC)手枪
name,item:automatic_pistol_magazine,M1911弹匣
name,item:mg_3,MG3通用机枪
name,item:mg_3_magazine,MG3弹匣
name,item:m2,M2重机枪
name,item:ammo_can_m2,M2弹药箱
name,item:minigun,M134加特林机枪
name,item:ammo_can_minigun,M134弹药箱
name,item:submachine_gun_45,UMP45冲锋枪
name,item:submachine_gun_45_magazine,UMP45弹匣
name,item:submachine_gun_a3,MP5A3冲锋枪
name,item:submachine_gun_a3_tactical,MP5A3战术冲锋枪
name,item:submachine_gun_a4,MP5A4冲锋枪
name,item:submachine_gun_k_pdw,MP5K-PDW冲锋枪
name,item:submachine_gun_sd,MP5SD冲锋枪
name,item:submachine_gun_magazine,MP5弹匣
name,item:grenade_launcher,MK19自动榴弹发射器
name,item:ammo_can_grenade_launcher,MK19弹药箱
name,item:battle_rifle,M14战斗步枪
name,item:battle_rifle_magazine,M14弹匣
name,item:revolver_3,S&W686左轮(2.5寸)
name,item:revolver_4,S&W686左轮(4寸)
name,item:revolver_6,S&W686左轮(6寸)
name,item:assault_rifle_107,AK-107突击步枪
name,item:assault_rifle_107_magazine,AK-107弹匣
name,item:rifle_a3,L85A3步枪
name,item:rifle_a3_magazine,L85A3弹匣
name,item:rifle_short_barrel,HK416卡宾枪(11寸管)
name,item:rifle_long_barrel,HK416步枪(14.5寸管)
name,item:rifle_magazine,HK416弹匣
name,item:bolt_action_rifle,Kar98k栓动步枪
name,item:bolt_action_sniper_rifle,AWP狙击步枪
name,item:bolt_action_sniper_rifle_magazine,AWP弹匣
name,item:light_machine_gun_m1,AUG A3 M1轻机枪
name,item:light_machine_gun_sa,AUG A3 M2轻机枪
name,item:light_machine_gun_magazine,AUG弹匣
name,item:squad_automatic_weapon,M249班用机枪
name,item:squad_automatic_weapon_magazine,M249弹匣
name,item:general_purpose_machine_gun,FN MAG通用机枪
name,item:general_purpose_machine_gun_magazine,FN MAG弹匣
name,item:single_shot_shotgun_12_gauge,Stevens 94单发霰弹枪
name,item:pump_action_shotgun,M870 Express泵动霰弹枪
name,item:pump_action_shotgun_tactical,M870 Express战术霰弹枪
name,item:rifle_scope_5_25x56,5-25×56步枪瞄准镜
name,item:rifle_scope_1_6x26_ffp,1-6×26步枪瞄准镜
name,item:backpack_pouch,背包附袋(2x3)
name,item:belt_pouch_a,腰带袋(1x1)
name,item:belt_pouch_b,腰带袋(1x2·A)
name,item:belt_pouch_c,腰带袋(1x2·B)
name,item:helmet_pouch,头盔袋(1x1)
name,item:large_pouch,大号袋(3x3)
name,item:loose_pouch,宽松袋(2x2)
name,item:medium_pouch,中号袋(1x2·带挂点)
name,item:medium_pouch_b,中号袋(1x2·B)
name,item:medium_pouch_c,中号袋(1x2·C)
name,item:medium_pouch_d,中号袋(1x2·D)
name,item:medium_pouch_e,中号袋(1x2·带挂点B)
name,item:molle_pouch,MOLLE袋(2x2)
name,item:penknife_pouch,小刀袋(1x2)
name,item:pocket_pouch,挂包(3x2)
name,item:pouch_ammo_pistol,手枪弹袋(1x2)
name,item:sere_pouch_a,SERE袋(2x2)
name,item:sere_pouch_b,SERE袋(2x3)
name,item:sere_pouch_c,SERE袋(3x2)
name,item:small_pouch,小号袋(1x1)
name,item:henley_top,亨利领衫
name,item:military_shirt,军用衬衫
name,item:military_shirt_sleeves,军用衬衫(卷袖)
name,item:military_shirt_tucked_in_a,军用衬衫(束腰·A)
name,item:military_shirt_tucked_in_b,军用衬衫(束腰·B)
name,item:park_ranger_shirt,护林员衬衫
name,item:park_ranger_shirt_tucked_in,护林员衬衫(束腰)
name,item:pilot_shirt,飞行员衬衫
name,item:pilot_shirt_tucked_in,飞行员衬衫(束腰)
name,item:polo_shirt,Polo衫
name,item:safari_shirt,猎装衬衫
name,item:scrubs_shirt,手术服上衣
name,item:shirt,衬衫
name,item:shirt_button_up,纽扣衬衫
name,item:shirt_button_up_tucked_in,纽扣衬衫(束腰)
name,item:shirt_tucked_in,衬衫(束腰)
name,item:short_sleeve_shirt,短袖衬衫
name,item:short_sleeve_shirt_tucked_in,短袖衬衫(束腰)
name,item:t_shirt,T恤
name,item:chainsaw_trousers,链锯裤
name,item:fire_fighter_padded_trousers,消防加垫裤
name,item:fire_fighter_trousers,消防裤
name,item:jeans,牛仔裤
name,item:joggers,慢跑裤
name,item:military_trousers,军裤
name,item:military_trousers_drop_leg_bag,军裤(腿袋)
name,item:military_trousers_kneepads,军裤(护膝)
name,item:motorcyclist_leather_trousers,摩托皮裤
name,item:scrubs_trousers,手术裤
name,item:ski_trousers,滑雪裤
name,item:trousers,长裤
name,item:trousers_leg_bag,长裤(腿袋)
name,item:walking_trousers,徒步裤
name,item:waterproof_leggings,防水腿套
name,item:working_trousers,工装裤
name,item:bag_24_7_rucsac,军用背包(24/7)
name,item:bag_guide_45,向导背包(45)
name,item:bag_guide_45_short,向导背包(45·短)
name,item:bag_school_backpack,书包
name,item:bag_tactical_ranger_24l,战术背包(24L)
name,item:bag_tactical_ranger_37l,战术背包(37L)
name,item:bag_tactical_ranger_55l,战术背包(55L)
name,item:bag_tactical_ranger_60l,战术背包(60L)
name,item:military_backpack,军用背包
name,item:arctic_gloves,极地手套
name,item:chainsaw_gloves,链锯手套
name,item:disposable_gloves,一次性手套
name,item:driving_gloves,驾驶手套
name,item:fingerless_gloves,露指手套
name,item:fire_fighter_gloves,消防手套
name,item:leather_gloves,皮手套
name,item:military_gloves,军用手套
name,item:working_gloves,工装手套
name,item:fire_fighter_boots,消防靴
name,item:fishing_boots,涉水靴
name,item:hazmat_boots,防化靴
name,item:military_boots,军靴
name,item:motorcylist_boots,摩托靴
name,item:walking_boots,徒步靴
name,item:wellingtons,雨靴
name,item:western_boots,牛仔靴
name,item:combat_helmet,战斗头盔
name,item:fire_fighter_helmet,消防头盔
name,item:military_helmet,军用头盔
name,item:motorcyclist_helmet,摩托头盔
name,item:racing_helmet,赛车头盔
name,item:raf_helmet,飞行头盔(RAF)
name,item:raf_helmet_c_type,飞行头盔(C型)
name,item:safety_helmet,安全头盔
name,item:insignia_patch_1_1,臂章(12x12)
name,item:insignia_patch_1_2,臂章(12x24)
name,item:insignia_patch_2_1,臂章(24x12)
name,item:insignia_patch_2_2,臂章(24x24)
name,item:insignia_patch_3_1,臂章(36x12)
name,item:insignia_patch_3_2,臂章(36x24)
name,item:insignia_patch_4_1,臂章(48x12)
name,item:insignia_patch_4_2,臂章(48x24)
name,item:blazer_and_tie,西装外套(领带)
name,item:fire_fighter_jacket,消防夹克
name,item:fishing_jacket,钓鱼夹克
name,item:hi_vis_jacket,高可视夹克
name,item:motorcyclist_leather_jacket,摩托皮夹克
name,item:pilot_blazer,飞行员西装
name,item:adventure_hat,探险帽
name,item:park_ranger_hat,护林员帽
name,item:pilot_hat,飞行帽
name,item:straw_hat,草帽
name,item:western_hat,牛仔帽
name,item:overalls,连体工作服
name,item:hi_vis_overalls,高可视连体工作服
name,item:disposable_coveralls,一次性连体防护服
name,item:driving_leather_suit,赛车连体皮服
name,item:flying_suit,飞行服
name,item:motorcyclist_leather_suit,摩托连体皮服
name,item:cap,鸭舌帽
name,item:chef_skullcap,厨师帽
name,item:scrubs_hat,手术帽
name,item:hi_vis_vest,高可视背心
name,item:military_vest,战术背心
name,item:military_vest_tucked_in,战术背心(束腰)
name,item:body_warmer,棉马甲
name,item:waistcoat,马甲
name,item:western_waistcoat,牛仔马甲
name,item:doctors_coat,白大褂
name,item:hi_vis_coat,高可视外套
name,item:military_coat,军大衣
name,item:nurse_shoes,护士鞋
name,item:shoes,便鞋
name,item:trainers,运动鞋
name,item:beanie,针织帽
name,item:ski_beanie,滑雪针织帽
name,item:ushanka,雷锋帽
name,item:ushanka_open,雷锋帽(耳罩竖起)
name,item:balaclava,头套
name,item:ski_mask,滑雪面罩
name,item:aviator_sunglasses,飞行员太阳镜
name,item:military_sunglasses,军用太阳镜
name,item:park_ranger_shorts,护林员短裤
name,item:shorts,短裤
name,item:wheel_car,汽车车轮(0.30m)
name,item:wheel_rim_20,汽车车轮(0.33m)
name,item:wheel_rim_20_tread,汽车车轮(0.33m·防滑)
name,item:wheel_rim_22,汽车车轮(0.36m)
name,item:wheel_rim_22_tread,汽车车轮(0.39m·防滑)
name,item:wheel_rim_24,汽车车轮(0.34m)
name,item:wheel_rim_24_tread,汽车车轮(0.39m·防滑)
name,item:wheel_5_prong,汽车车轮(五辐·0.34m)
name,item:wheel_5_prong_tread,汽车车轮(五辐·0.34m·防滑)
name,item:wheel_truck,卡车车轮(0.73m)
name,item:wheel_truck_in_a,卡车车轮(0.56m·内)
name,item:wheel_truck_in_b,卡车车轮(0.62m·内)
name,item:wheel_truck_out_a,卡车车轮(0.56m·外)
name,item:wheel_truck_out_b,卡车车轮(0.62m·外)
name,item:wheel_construction,工程车轮(A)
name,item:wheel_construction_lws,工程车轮(B)
name,item:wheel_tractor_a,拖拉机车轮(A)
name,item:wheel_tractor_b,拖拉机车轮(B)
name,item:air_filter,空气滤清器芯(小)
name,item:air_filter_b,空气滤清器芯(大)
name,item:battery_a,电池(4kWh)
name,item:battery_b,电池(2kWh)
name,item:food_unlabelled_a,罐头食品(A)
name,item:food_unlabelled_b,罐头食品(B)
name,item:food_unlabelled_c,罐头食品(C)
name,item:crate_a,板条箱(8x5)
name,item:crate_b,板条箱(8x10)
name,item:crate_c,板条箱(8x20)
name,item:radio_a,对讲机(A)
name,item:radio_b,对讲机(B)
name,item:foldable_peep_sight,折叠照门(顶部)
name,item:foldable_peep_sight_front,折叠照门(前部)
name,item:rope,绳索
name,item:binoculars,望远镜
name,item:mask,面罩
name,item:military_mask,防毒面具
desc,cdesc:engine,消耗燃油和空气。产生废气。启动需6rps。安装空气歧管、燃油歧管、进出机油歧管和进出冷却液歧管。最高温度160C。兼容小型发动机轮、小型变速箱。
desc,cdesc:engine_wheel,小型发动机的皮带输出。以发动机转速转动。其皮带上的滑轮转速快2.5倍。反转会翻转皮带方向。
desc,cdesc:liquid_tank,可容纳水、汽油或机油，每体素0.5L。可拉伸调整容量。受到猛烈撞击时会破裂。若装有超过10L汽油则会爆炸。适配液体接口和液体加注口。
desc,cdesc:radiator,将液体降温至接近空气温度。安装散热风扇可增强冷却效果。容量3L。可拉伸增加容量。用泵使冷却液流经其中循环。损坏时会漏液。
desc,cdesc:battery_a,可容纳同类型的电池道具，需手动安装。容量4kWh。安装电气接口。由同一网络上的交流发电机充电。损坏会使其电量耗尽。
desc,cdesc:bench_seat,其主控制面可安装方向盘、飞行操纵杆，侧面最多可安装8个油门或换挡器。操控件必须与座椅朝向一致。朝后安装则会反向。
desc,cdesc:round_headlight_a,功耗50W。安装电气接口。通电时点亮。用电气继电器开关。范围100m。倾角和光束宽度在属性中设置。
desc,cdesc:round_headlight_b,功耗50W。安装电气接口。通电时点亮。用电气继电器开关。范围100m。倾角和光束宽度在属性中设置。
desc,cdesc:round_headlight_c,功耗50W。安装电气接口。通电时点亮。用电气继电器开关。范围100m。倾角和光束宽度在属性中设置。
desc,cdesc:winch,由扭矩面驱动。随轴旋转收放绳索，长度0.5至20m。机械链接可使卷筒脱离。
desc,cdesc:klaxon,功耗50W。安装电气接口。通电时发声。用电气继电器开关。音效在属性中设置。
desc,cdesc:square_headlight,功耗50W。安装电气接口。通电时点亮。用电气继电器开关。范围100m。倾角和光束宽度在属性中设置。
desc,cdesc:horn_speaker,功耗50W。安装电气接口。通电时发声。用电气继电器开关。音效在属性中设置。
desc,cdesc:antenna_a,功耗20W。安装电气接口。频道0至5。发射时发送其信号及8个布尔值、8个整数和8个数值数据输入。否则接收2000m内信号最强的同频道发射器。
desc,cdesc:antenna_b,功耗20W。安装电气接口。频道0至5。发射时发送其信号及8个布尔值、8个整数和8个数值数据输入。否则接收2000m内信号最强的同频道发射器。
desc,cdesc:antenna_c,功耗20W。安装电气接口。频道0至5。发射时发送其信号及8个布尔值、8个整数和8个数值数据输入。否则接收2000m内信号最强的同频道发射器。
desc,cdesc:high_back_car_seat,其主控制面可安装方向盘、飞行操纵杆，侧面最多可安装8个油门或换挡器。操控件必须与座椅朝向一致。朝后安装则会反向。
desc,cdesc:low_back_car_seat,其主控制面可安装方向盘、飞行操纵杆，侧面最多可安装8个油门或换挡器。操控件必须与座椅朝向一致。朝后安装则会反向。
desc,cdesc:v_engine,消耗燃油和空气。产生废气。启动需6rps。安装空气歧管、燃油歧管、进出机油歧管和进出冷却液歧管。最高温度160C。兼容小型发动机轮、小型变速箱。
desc,cdesc:opposed_engine,消耗燃油和空气。产生废气。启动需6rps。安装空气歧管、燃油歧管、进出机油歧管和进出冷却液歧管。最高温度160C。兼容小型发动机轮、小型变速箱。
desc,cdesc:flight_seat,其主控制面可安装方向盘、飞行操纵杆，侧面最多可安装8个油门或换挡器。操控件必须与座椅朝向一致。朝后安装则会反向。
desc,cdesc:throttle_collective,安装于座椅控制面。机械链接读数范围0到1，通过可编程1和2移动。粘性模式保持位置，每秒移动0.6。非粘性模式会弹回0。
desc,cdesc:throttle,安装于座椅控制面。机械链接读数范围-1到1，通过可编程1和2移动。粘性模式保持位置，每秒移动0.6。非粘性模式会弹回0。
desc,cdesc:multi_throttle,安装于座椅控制面。机械链接读数范围-1到1，通过可编程1和2移动。粘性模式保持位置，每秒移动0.6。非粘性模式会弹回0。
desc,cdesc:trim_throttle,安装于座椅控制面。机械链接读数范围-1到1，通过可编程1和2移动。粘性模式保持位置，每秒移动0.6。非粘性模式会弹回0。
desc,cdesc:pintle_mount,可安装M2重机枪、榴弹发射器或M134加特林机枪及其对应弹药箱。互动即可操作，也可从座椅操作。左右各最大回转90度，俯仰45度，在属性中设置。
desc,cdesc:beacon_light,功耗50W。安装电气接口。通电时点亮。用电气继电器开关。范围10m。
desc,cdesc:light_bar,功耗50W。安装电气接口。通电时点亮。用电气继电器开关。范围10m。
desc,cdesc:siren_light,功耗50W。安装电气接口。通电时点亮。用电气继电器开关。范围50m，每秒扫描一次。
desc,cdesc:truck_hitch,在一个体素内且对齐时锁定卡车牵引销。机械链接为1时释放并阻止重新连接。数据输出「is_connected」。在重负荷下会脱开。
desc,cdesc:truck_hitch_kingpin,在一个体素内且对齐时锁入卡车挂钩。可从钩上解开。数据输出「is_connected」。
desc,cdesc:turbo,由扭矩面驱动。单向气泵：无论轴向哪个方向转动都从进口流向出口。扬程每转速1kPa。为空气歧管提供超过9.8kPa的压力可增加发动机功率。小管径。
desc,cdesc:fighter_jet_throttle,安装于座椅控制面。机械链接读数范围-1到1，通过可编程1和2移动。粘性模式保持位置，每秒移动0.6。非粘性模式会弹回0。
desc,cdesc:engine_block_b,消耗燃油和空气。产生废气。启动需6rps。安装空气歧管、燃油歧管、进出机油歧管和进出冷却液歧管。最高温度160C。兼容中型发动机轮、中型变速箱。
desc,cdesc:engine_block_c,消耗燃油和空气。产生废气。启动需6rps。安装空气歧管、燃油歧管、进出机油歧管和进出冷却液歧管。最高温度160C。兼容大型发动机轮、大型变速箱。
desc,cdesc:gearbox_b,适配中型发动机。气动换挡：安装两个气体接口，先安装的用于升挡，后安装的用于降挡。压力脉冲超过29.4kPa时换挡一次，需降至19.6kPa以下才能进行下一次换挡。可拉伸获得2至8挡。
desc,cdesc:gearbox_c,适配大型发动机。气动换挡：安装两个气体接口，先安装的用于升挡，后安装的用于降挡。压力脉冲超过29.4kPa时换挡一次，需降至19.6kPa以下才能进行下一次换挡。可拉伸获得2至8挡。
desc,cdesc:slider,按住任一端可滑动，1s滑完全程。机械链接读数范围0到1，并保持该位置。
desc,cdesc:speaker_a,播放来自麦克风或天线的信号数据输入。范围8至64m，在属性中设置。
desc,cdesc:speaker_b,播放来自麦克风或天线的信号数据输入。范围8至64m，在属性中设置。
desc,cdesc:speaker_c,播放来自麦克风或天线的信号数据输入。范围8至64m，在属性中设置。
desc,cdesc:key_switch,轻触可在0和0.5之间切换机械链接。按住0.5s后在按住期间读数为1。
desc,cdesc:toggle_switch_cover,按住0.5s可打开或关闭护盖。护盖打开时轻触可在0和1之间切换机械链接。
desc,cdesc:alternator_motor,由扭矩面驱动。通过电气接口为电力网络充电。输出随转速增加而增大，在100rps时达到峰值1.1kW。
desc,cdesc:hinge_pin,在编辑器中将铰链关节放置其上以形成铰接刚体，或互动以连接或释放一个体素内的关节。最大可摆动180度。最小值和最大值属性可缩小范围。
desc,cdesc:latch_handle,在编辑器中将锁扣关节放置其上以形成锁扣刚体。释放时会锁定一个体素内的关节。按住可解锁并拉开。数据输出「is_connected」与「is_engaged」。
desc,cdesc:rail_ballscrew,在编辑器中将滚珠丝杠滑块放置其上以形成受驱滑动刚体。转动其小型扭矩面以移动滑块，约每转12.6mm。在两端均可锁定。可容纳一个滑块。
desc,cdesc:hydraulic_actuator,安装液体接口。机械链接在高于4.9kPa时读数为1，低于2.9kPa时读数为0。容量1L。
desc,cdesc:latch_pin,在编辑器中将锁扣关节放置其上以形成锁扣刚体。会锁定一个体素内的关节。机械链接达到0.5或以上时解锁。数据输出「is_connected」与「is_engaged」。
desc,cdesc:latch_knuckle,与锁扣把手或锁扣销配对：在编辑器中将其放置在任一部件上以形成锁扣刚体。只要在一个体素内接近未连接的部件即会重新锁上。数据输出「is_connected」。
desc,cdesc:hydraulic_pump,由扭矩面驱动。安装两个液体接口。从先安装的一个泵向后安装的一个。反转轴或在属性中设置反转以调换方向。流量系数在属性中设置。
desc,cdesc:electric_motor_a,功耗最高10kW。安装电气接口。通电时以30rps运转。反转和功率在属性中设置。目标转速可通过数据链接设置。
desc,cdesc:electric_motor_b,功耗最高60kW。安装电气接口。通电时以30rps运转。反转和功率在属性中设置。目标转速可通过数据链接设置。
desc,cdesc:electric_motor_c,功耗最高120kW。安装电气接口。通电时以30rps运转。反转和功率在属性中设置。目标转速可通过数据链接设置。
desc,cdesc:rail_ballscrew_slider,与滚珠丝杠导轨配对：在编辑器中将其中一个放置在另一个上以形成受驱滑动刚体。保持位置不动。仅在丝杠转动时移动。
desc,cdesc:liquid_pump,由扭矩面驱动。安装两个液体接口。从先安装的一个泵向后安装的一个。反转轴或在属性中设置反转以调换方向。流量系数在属性中设置。
desc,cdesc:pulley_wheel,扭矩面上的皮带轮，半径0.04m。用皮带工具与发动机轮或滑轮相连。转速按半径比例变化。反转会翻转方向。
desc,cdesc:mechanical_interface_out_straight,将机械链接数值发送到另一载具的机械接口输入端。可面对面连接或用机械缆绳连接。超过4cm时断开。
desc,cdesc:electrical_interface_straight,连接两个载具的电力网络。与另一个电气接口面对面连接，或用电缆连接。超过4cm时断开。
desc,cdesc:gas_pump,由扭矩面驱动。安装两个气体接口。从先安装的一个泵向后安装的一个。扬程每转速2kPa。反转轴或在属性中设置反转以调换方向。
desc,cdesc:exhaust_manifold_angle,螺接至发动机排气口。小管径。排气温度300C。背压超过39kPa会降低发动机功率。达到196kPa时发动机停止运转。
desc,cdesc:air_manifold,螺接至发动机进气口。小管径。油门为机械链接输入。进气压力超过9.8kPa时增加功率，达到98kPa时最多翻倍。
desc,cdesc:air_manifold_2,螺接至发动机进气口。大管径。油门为机械链接输入。进气压力超过9.8kPa时增加功率，达到98kPa时最多翻倍。
desc,cdesc:exhaust_manifold_straight,螺接至发动机排气口。小管径。排气温度300C。背压超过39kPa会降低发动机功率。达到196kPa时发动机停止运转。
desc,cdesc:battery_b,可容纳同类型的电池道具，需手动安装。容量2kWh。安装电气接口。由同一网络上的交流发电机充电。损坏会使其电量耗尽。
desc,cdesc:torque_interface_straight,将两个载具的传动轴与另一个扭矩接口面对面连接。小型扭矩面。超过4cm时断开。
desc,cdesc:mechanical_junction_invert,输出 = -1x 输入。
desc,cdesc:gas_tank_a,在压力下储存空气或废气。容量9.5L，每拉伸一个体素增加3.3L。适配气体接口。
desc,cdesc:gas_tank_b,在压力下储存空气或废气。容量39.7L，每拉伸一个体素增加9.3L。适配气体接口。
desc,cdesc:gas_tank_c,在压力下储存空气或废气。容量103.6L，每拉伸一个体素增加18.6L。适配气体接口。
desc,cdesc:mechanical_interface_in_straight,从另一载具的机械接口输出端接收机械链接数值。可面对面连接或用机械缆绳连接。超过4cm时断开。
desc,cdesc:electrical_interface_angle,连接两个载具的电力网络。与另一个电气接口面对面连接，或用电缆连接。超过4cm时断开。
desc,cdesc:torque_interface_angle,将两个载具的传动轴与另一个扭矩接口面对面连接。小型扭矩面。超过4cm时断开。
desc,cdesc:mechanical_interface_in_angle,从另一载具的机械接口输出端接收机械链接数值。可面对面连接或用机械缆绳连接。超过4cm时断开。
desc,cdesc:mechanical_interface_out_angle,将机械链接数值发送到另一载具的机械接口输入端。可面对面连接或用机械缆绳连接。超过4cm时断开。
desc,cdesc:roller_wheel_fixed_a,适用于0.12m宽窄型履带的刚性负重轮。半径0.08m。仅在与链轮组成的闭合履带回路中转动。
desc,cdesc:roller_wheel_fixed_b,适用于0.12m宽窄型履带的刚性负重轮。半径0.16m。仅在与链轮组成的闭合履带回路中转动。
desc,cdesc:roller_wheel_fixed_c,适用于0.28m宽标准履带的刚性负重轮。半径0.18m。仅在与链轮组成的闭合履带回路中转动。
desc,cdesc:roller_wheel_fixed_d,适用于0.28m宽标准履带的刚性负重轮。半径0.34m。仅在与链轮组成的闭合履带回路中转动。
desc,cdesc:roller_wheel_fixed_e,适用于0.6m宽宽型履带的刚性负重轮。半径0.23m。仅在与链轮组成的闭合履带回路中转动。
desc,cdesc:roller_wheel_fixed_f,适用于0.6m宽宽型履带的刚性负重轮。半径0.43m。仅在与链轮组成的闭合履带回路中转动。
desc,cdesc:sprocket_a,驱动0.12m宽的窄型履带。半径0.08m。由扭矩面驱动。用皮带工具将履带绕在其与同宽度的滚轮上。
desc,cdesc:sprocket_b,驱动0.12m宽的窄型履带。半径0.16m。由扭矩面驱动。用皮带工具将履带绕在其与同宽度的滚轮上。
desc,cdesc:sprocket_c,驱动0.28m宽的标准履带。半径0.18m。由扭矩面驱动。用皮带工具将履带绕在其与同宽度的滚轮上。
desc,cdesc:sprocket_d,驱动0.28m宽的标准履带。半径0.34m。由扭矩面驱动。用皮带工具将履带绕在其与同宽度的滚轮上。
desc,cdesc:sprocket_e,驱动0.6m宽的宽型履带。半径0.23m。由扭矩面驱动。用皮带工具将履带绕在其与同宽度的滚轮上。
desc,cdesc:sprocket_f,驱动0.6m宽的宽型履带。半径0.43m。由扭矩面驱动。用皮带工具将履带绕在其与同宽度的滚轮上。
desc,cdesc:jet_engine_a,用外部空气燃烧汽油。其喷气面上游需接喷气压气机，下游需接喷气排气口。安装喷气燃油歧管和两个机油歧管。启动需2rps，由喷气附件变速箱带动升速。最高温度1400C。没有喷气颗粒分离器时会磨损。
desc,cdesc:jet_accessory_gearbox_a,安装于喷气链中喷气发动机的任一侧。六个扭矩面随发动机轴转动。驱动其中一个可启动发动机或从中输出动力。齿轮比1至128，在属性中设置。安装两个机油歧管。
desc,cdesc:roller_wheel_suspension_a,适用于0.12m宽窄型履带的悬挂负重轮。半径0.08m，行程0.08m。仅在与链轮组成的闭合履带回路中转动。
desc,cdesc:roller_wheel_suspension_b,适用于0.12m宽窄型履带的悬挂负重轮。半径0.16m，行程0.08m。仅在与链轮组成的闭合履带回路中转动。
desc,cdesc:roller_wheel_suspension_c,适用于0.28m宽标准履带的悬挂负重轮。半径0.18m，行程0.16m。仅在与链轮组成的闭合履带回路中转动。
desc,cdesc:roller_wheel_suspension_d,适用于0.28m宽标准履带的悬挂负重轮。半径0.34m，行程0.24m。仅在与链轮组成的闭合履带回路中转动。
desc,cdesc:roller_wheel_suspension_e,适用于0.6m宽宽型履带的悬挂负重轮。半径0.23m，行程0.16m。仅在与链轮组成的闭合履带回路中转动。
desc,cdesc:roller_wheel_suspension_f,适用于0.6m宽宽型履带的悬挂负重轮。半径0.43m，行程0.24m。仅在与链轮组成的闭合履带回路中转动。
desc,cdesc:autocannon_40mm,触发机械链接高于0.75时以每秒2发、850m/s发射40×365mm炮弹。弹药由弹链弹匣40mm经弹链40mm段送入其弹链面。
desc,cdesc:cannon_120mm,以1600m/s发射一发120×570mm炮弹。后膛上安装气体接口：超过4.9kPa时后膛打开以便手动装填炮弹，排气可关闭。关闭且触发机械链接高于0.75时开火。
desc,cdesc:microcontroller,功耗10W。安装电气接口。运行脚本读写其数据网络上的每个组件。为该网络上的显示屏和背光供电。
desc,cdesc:data_interface_straight,连接两个载具的数据网络。与另一个数据接口面对面连接，或用数据线连接。超过4cm时断开。
desc,cdesc:data_interface_angle,连接两个载具的数据网络。与另一个数据接口面对面连接，或用数据线连接。超过4cm时断开。
desc,cdesc:rotor_heli_a,由扭矩面驱动。安装2至6片旋翼叶片道具，长度2至8m。升力随转速、叶片长度和数量增加而增大。俯仰、左横滚和右横滚均为机械链接。总距为两个横滚输入的平均值。
desc,cdesc:weapon_mount,固定支架。可安装M2重机枪、榴弹发射器或M134加特林机枪及其对应弹药箱。触发机械链接高于0.75时开火。瞄准方向随支架指向。
desc,cdesc:jet_nosecone_gearbox,安装于喷气链前端。扭矩面随发动机轴转动。驱动它可启动发动机或从中输出动力。齿轮比1至128，在属性中设置。
desc,cdesc:rotor_heli_b,由扭矩面驱动。安装2至6片旋翼叶片道具，长度0.5至2m。总距机械链接（-1至1）设定推力和方向。
desc,cdesc:microphone,「recording」数据输入被设置时，拾取32m内最近玩家的声音，并通过「signal」输出给扬声器或天线。
desc,cdesc:hydraulic_cylinder_connector_base,液压杆的缸体端。用液压工具与同尺寸的液压连接器连接。连接时的间距即为长度。液体节点A和B：液体注入A伸出，注入B缩回。每米8L。
desc,cdesc:hydraulic_cylinder_connector,液压杆的杆体端。用液压工具与同尺寸的液压连接器基座连接。无液体节点。由基座驱动。
desc,cdesc:v_engine_b,消耗燃油和空气。产生废气。启动需6rps。安装空气歧管、燃油歧管、进出机油歧管和进出冷却液歧管。最高温度160C。兼容中型发动机轮、中型变速箱。
desc,cdesc:v_engine_c,消耗燃油和空气。产生废气。启动需6rps。安装空气歧管、燃油歧管、进出机油歧管和进出冷却液歧管。最高温度160C。兼容大型发动机轮、大型变速箱。
desc,cdesc:opposed_engine_b,消耗燃油和空气。产生废气。启动需6rps。安装空气歧管、燃油歧管、进出机油歧管和进出冷却液歧管。最高温度160C。兼容中型发动机轮、中型变速箱。
desc,cdesc:opposed_engine_c,消耗燃油和空气。产生废气。启动需6rps。安装空气歧管、燃油歧管、进出机油歧管和进出冷却液歧管。最高温度160C。兼容大型发动机轮、大型变速箱。
desc,cdesc:weight_block,压舱物，每体素约4kg。可沿所有轴拉伸。
desc,cdesc:engine_wheel_b,中型发动机的皮带输出。以发动机转速转动。其皮带上的滑轮转速快3.9倍。反转会翻转皮带方向。
desc,cdesc:engine_wheel_c,大型发动机的皮带输出。以发动机转速转动。其皮带上的滑轮转速快6.7倍。反转会翻转皮带方向。
desc,cdesc:radiator_fan_a,安装于散热器的风扇面。功耗90W。安装电气接口。冷却效果随风扇相对散热器的尺寸变化。
desc,cdesc:radiator_fan_b,安装于散热器的风扇面。功耗250W。安装电气接口。冷却效果随风扇相对散热器的尺寸变化。
desc,cdesc:radiator_fan_c,安装于散热器的风扇面。功耗980W。安装电气接口。冷却效果随风扇相对散热器的尺寸变化。
desc,cdesc:radiator_fan_d,安装于散热器的风扇面。功耗1620W。安装电气接口。冷却效果随风扇相对散热器的尺寸变化。
desc,cdesc:radiator_b,将液体降温至接近空气温度。安装散热风扇可增强冷却效果。容量12L。可拉伸增加容量。用泵使冷却液流经其中循环。损坏时会漏液。
desc,cdesc:wheel_c,适配卡车车轮道具。由扭矩面驱动。通过两个液体节点实现最大40度的液压转向。弹簧刹车：持续制动直至气压超过39.2kPa，达到58.8kPa时完全释放。
desc,cdesc:exhaust_manifold_angle_b,螺接至发动机排气口。大管径。排气温度300C。背压超过39kPa会降低发动机功率。达到196kPa时发动机停止运转。
desc,cdesc:exhaust_manifold_straight_b,螺接至发动机排气口。大管径。排气温度300C。背压超过39kPa会降低发动机功率。达到196kPa时发动机停止运转。
desc,cdesc:keycard_reader,用匹配密钥的门禁卡刷卡。通过验证时，机械链接和「accept」数据输出读数为1，持续1s。密钥错误时「reject」读数为1，持续1s。
desc,cdesc:hydraulic_cylinder_connector_base_2_2,液压杆的缸体端。用液压工具与同尺寸的液压连接器连接。连接时的间距即为长度。液体节点A和B：液体注入A伸出，注入B缩回。每米16L。
desc,cdesc:hydraulic_cylinder_connector_2_2,液压杆的杆体端。用液压工具与同尺寸的液压连接器基座连接。无液体节点。由基座驱动。
desc,cdesc:hydraulic_cylinder_connector_base_3_3,液压杆的缸体端。用液压工具与同尺寸的液压连接器连接。连接时的间距即为长度。液体节点A和B：液体注入A伸出，注入B缩回。每米24L。
desc,cdesc:hydraulic_cylinder_connector_3_3,液压杆的杆体端。用液压工具与同尺寸的液压连接器基座连接。无液体节点。由基座驱动。
desc,cdesc:turbo_c,由扭矩面驱动。单向气泵：无论轴向哪个方向转动都从进口流向出口。扬程每转速1kPa。为空气歧管提供超过9.8kPa的压力可增加发动机功率。小管径。
desc,cdesc:turbo_d,由扭矩面驱动。单向气泵：无论轴向哪个方向转动都从进口流向出口。扬程每转速1kPa。为空气歧管提供超过9.8kPa的压力可增加发动机功率。大管径。
desc,cdesc:ammo_belt_straight_40mm,在两个弹链面之间输送40×365mm炮弹。可沿长度方向拉伸。每体素可容纳一发炮弹，另加一发。
desc,cdesc:ammo_belt_turn_40mm,在两个弹链面之间绕90度弯角输送40×365mm炮弹。可容纳3发炮弹。
desc,cdesc:ammo_belt_motor_40mm,当小型扭矩面转速超过0.1rps时，每0.25s将40×365mm炮弹推进一格。反转则反向输送。从开放弹链末端推出的炮弹会掉落到地面。
desc,cdesc:ammo_belt_magazine_40mm,手动装填40×365mm炮弹的封闭式弹链段。其弹链面朝炮塔方向接入弹链。每体素可容纳一发炮弹，另加一发。
desc,cdesc:ammo_belt_flexible_40mm,柔性弹链末端。用皮带工具连接两个，间距最大1.2m，可在不同刚体之间输送40×365mm炮弹。该连接会将两个刚体束缚在该距离内。
desc,cdesc:ammo_belt_interface_40mm,在不同刚体之间传送40×365mm炮弹。两个部件在端面对接时自动连接，被拉开时分离。
desc,idesc:overalls,占用身体和腿部槽位。保温5C。防雨60%。
desc,idesc:hi_vis_overalls,占用身体和腿部槽位。保温5C。防雨60%。
desc,idesc:flying_suit,占用身体和腿部槽位。保温5C。防雨60%。
desc,idesc:motorcyclist_leather_suit,占用身体和腿部槽位。保温8.3C。防水。
desc,idesc:driving_leather_suit,占用身体和腿部槽位。保温6.7C。防雨80%。
desc,idesc:fishing_boots,占用脚部和腿部槽位。保温3.3C。防雨80%。
desc,idesc:military_helmet,子弹和近战武器击中头盔不造成伤害。无法阻挡僵尸攻击。可安装头盔手电筒、频闪灯、夜视仪和一个小袋。保温1C。防雨20%。
desc,idesc:combat_helmet,子弹和近战武器击中头盔不造成伤害。无法阻挡僵尸攻击。可安装头盔手电筒、频闪灯、夜视仪和一个小袋。保温1C。防雨20%。
desc,idesc:ski_beanie,保温2.3C。防雨20%。
desc,idesc:ushanka,保温2.3C。防雨20%。
desc,idesc:ushanka_open,保温2.3C。防雨20%。
desc,idesc:beanie,保温2.3C。防雨20%。
desc,idesc:cap,保温1C。防雨20%。
desc,idesc:fire_fighter_helmet,保温1.7C。防雨40%。
desc,idesc:safety_helmet,可安装安全面罩。保温1C。防雨20%。
desc,idesc:headlamp,佩戴于帽子槽位。需要电池单元，续航约1.5h。佩戴时可开关。光束射程40m。
desc,idesc:scrubs_hat,保温1C。防雨12%。
desc,idesc:pilot_hat,保温1C。防雨12%。
desc,idesc:raf_helmet,保温2.3C。防雨28%。
desc,idesc:raf_helmet_c_type,保温1.7C。防雨12%。
desc,idesc:motorcyclist_helmet,保温2.3C。防雨40%。
desc,idesc:adventure_hat,保温1.7C。防雨28%。
desc,idesc:western_hat,保温1.7C。防雨28%。
desc,idesc:straw_hat,保温1C。防雨20%。
desc,idesc:welding_mask,保温1.7C。防雨12%。
desc,idesc:park_ranger_hat,保温1C。防雨20%。
desc,idesc:racing_helmet,保温1.7C。防雨28%。
desc,idesc:ski_mask,保温2.3C。防雨20%。
desc,idesc:balaclava,保温2.3C。防雨20%。
desc,idesc:military_trousers,保温5C。防雨60%。
desc,idesc:ski_trousers,保温6.7C。防雨80%。
desc,idesc:jeans,保温5C。防雨60%。
desc,idesc:joggers,保温5C。防雨60%。
desc,idesc:shorts,保温3.3C。防雨20%。
desc,idesc:trousers,保温5C。防雨60%。
desc,idesc:walking_trousers,保温6.7C。防雨60%。
desc,idesc:waterproof_leggings,保温5C。防雨80%。
desc,idesc:military_trousers_kneepads,保温5C。防雨60%。
desc,idesc:military_trousers_drop_leg_bag,2个可挂载小袋、无线电、灯具、绳子和徽章的挂点。保温5C。防雨60%。
desc,idesc:fire_fighter_trousers,保温5C。防雨60%。
desc,idesc:fire_fighter_padded_trousers,保温5C。防雨60%。
desc,idesc:chainsaw_trousers,保温5C。防雨60%。
desc,idesc:scrubs_trousers,保温5C。防雨60%。
desc,idesc:motorcyclist_leather_trousers,保温5C。防雨60%。
desc,idesc:park_ranger_shorts,保温3.3C。防雨20%。
desc,idesc:trousers_leg_bag,1个可挂载小袋、无线电、灯具、绳子和徽章的挂点。保温5C。防雨60%。
desc,idesc:military_rain_coat,保温5C。防雨80%。
desc,idesc:military_shirt,保温5C。防雨60%。
desc,idesc:military_shirt_sleeves,保温5C。防雨60%。
desc,idesc:military_shirt_tucked_in_a,保温5C。防雨60%。
desc,idesc:military_shirt_tucked_in_b,保温5C。防雨60%。
desc,idesc:military_vest,保温6.7C。防雨60%。
desc,idesc:military_vest_tucked_in,保温6.7C。防雨60%。
desc,idesc:body_warmer,保温6.7C。防雨60%。
desc,idesc:fleece,保温5C。防雨60%。
desc,idesc:henley_top,保温5C。防雨60%。
desc,idesc:hoodie,保温5C。防雨60%。
desc,idesc:shirt,保温5C。防雨40%。
desc,idesc:sweatshirt,保温5C。防雨60%。
desc,idesc:t_shirt,保温3.3C。防雨40%。
desc,idesc:shirt_tucked_in,保温5C。防雨40%。
desc,idesc:military_coat,保温6.7C。防雨60%。
desc,idesc:safari_shirt,保温5C。防雨60%。
desc,idesc:fire_fighter_jacket,保温6.7C。防雨60%。
desc,idesc:hi_vis_jacket,保温5C。防雨60%。
desc,idesc:hi_vis_coat,保温6.7C。防雨60%。
desc,idesc:hi_vis_vest,保温5C。防雨60%。
desc,idesc:scrubs_shirt,保温3.3C。防雨40%。
desc,idesc:doctors_coat,保温5C。防雨60%。
desc,idesc:pilot_shirt,保温5C。防雨60%。
desc,idesc:pilot_shirt_tucked_in,保温5C。防雨60%。
desc,idesc:pilot_blazer,保温5C。防雨60%。
desc,idesc:motorcyclist_leather_jacket,保温5C。防雨60%。
desc,idesc:park_ranger_shirt,保温5C。防雨60%。
desc,idesc:park_ranger_shirt_tucked_in,保温5C。防雨60%。
desc,idesc:waistcoat,保温3.3C。防雨40%。
desc,idesc:western_waistcoat,保温3.3C。防雨40%。
desc,idesc:blazer_and_tie,保温5C。防雨60%。
desc,idesc:polo_shirt,保温5C。防雨40%。
desc,idesc:short_sleeve_shirt,保温5C。防雨40%。
desc,idesc:short_sleeve_shirt_tucked_in,保温5C。防雨40%。
desc,idesc:shirt_button_up,保温5C。防雨40%。
desc,idesc:shirt_button_up_tucked_in,保温5C。防雨40%。
desc,idesc:military_plate_vest,子弹和近战武器击中护板不造成伤害。无法阻挡僵尸攻击。3个可挂载小袋、无线电、灯具、绳子和徽章的挂点。保温3.3C。防雨40%。
desc,idesc:helmet_light,适配头盔。需要电池单元，续航约1.5h。佩戴时可开关。光束射程60m。
desc,idesc:military_strobe_light,适配头盔或挂点。需要电池单元，续航约8h。每秒闪烁一次。佩戴时可开关。
desc,idesc:fishing_jacket,4个可挂载小袋、无线电、灯具、绳子和徽章的挂点。保温5C。防雨60%。
desc,idesc:military_boots,保温2.3C。防雨28%。
desc,idesc:shoes,保温1C。防雨12%。
desc,idesc:trainers,保温1C。防雨12%。
desc,idesc:walking_boots,保温2.3C。防雨28%。
desc,idesc:wellingtons,保温1.7C。防雨28%。
desc,idesc:fire_fighter_boots,保温2.3C。防雨28%。
desc,idesc:nurse_shoes,保温1C。防雨12%。
desc,idesc:motorcylist_boots,保温2.3C。防雨28%。
desc,idesc:hazmat_boots,保温2.3C。防雨28%。
desc,idesc:western_boots,保温2.3C。防雨28%。
desc,idesc:scarf,保温1C。防雨12%。
desc,idesc:military_mask,保温1C。防雨12%。
desc,idesc:neck_gaiter,保温1C。防雨12%。
desc,idesc:military_gloves,保温1C。防雨12%。
desc,idesc:arctic_gloves,保温1.7C。防雨12%。
desc,idesc:fire_fighter_gloves,保温1.3C。防雨12%。
desc,idesc:working_gloves,保温1C。防雨12%。
desc,idesc:leather_gloves,保温1C。防雨12%。
desc,idesc:chainsaw_gloves,保温1C。防雨12%。
desc,idesc:driving_gloves,保温1C。防雨12%。
desc,idesc:disposable_coveralls,占用身体、头部、腿部和耳部槽位。保温6.7C。防雨80%。
desc,idesc:working_trousers,保温5C。防雨60%。
desc,idesc:wheel_car,适配车轮和轮胎支架组件。半径0.3m，宽度0.16m。无法存放在容器中。
desc,idesc:wheel_truck,适配轮胎支架和中型车轮组件。半径0.73m，宽度0.7m。无法存放在容器中。
desc,idesc:wheel_quadbike,适配车轮和轮胎支架组件。半径0.31m，宽度0.16m。无法存放在容器中。
desc,idesc:vehicle_editor_add_component,容纳一叠同类型组件。按住主键放置。放置花费1点，拉伸后花费更多。拖动可拉伸部件的手柄，再用副键确认。在沙盒或创造模式穹顶中免费。
desc,idesc:vehicle_editor_add_edge,在两点之间拖动以铺设一根8cm厚的横梁。每格长度花费1点。重新装填可锁定拖动轴。副键取消。
desc,idesc:vehicle_editor_add_plate,点击相连的边以描绘一个平坦的凸形回路。闭合回路后会填充板材。所有边必须尺寸相同。成本随面积增加。副键取消。
desc,idesc:vehicle_editor_add_window,点击相连的边以描绘一个平坦的凸形回路。闭合回路后会填充窗户。所有边必须尺寸相同。成本随面积增加。副键取消。
desc,idesc:vehicle_editor_add_opening,点击相连的边以描绘一个平坦的凸形回路。闭合回路后会填充为开口。所有边必须尺寸相同。成本随面积增加。副键取消。
desc,idesc:vehicle_editor_add_hatch,点击相连的边以描绘一个平坦的凸形回路。闭合回路后会填充舱盖。所有边必须尺寸相同。成本随面积增加。副键取消。
desc,idesc:wheel_helicopter,适配起落架和双联起落架组件。半径0.25m，宽度0.165m。无法存放在容器中。
desc,idesc:wheel_plane,适配可收放车轮组件。半径0.6m，宽度0.28m。无法存放在容器中。
desc,idesc:wheel_van,适配车轮和轮胎支架组件。半径0.3m，宽度0.16m。无法存放在容器中。
desc,idesc:wheel_5_prong,适配车轮和轮胎支架组件。半径0.34m，宽度0.16m。无法存放在容器中。
desc,idesc:wheel_5_prong_tread,适配车轮和轮胎支架组件。半径0.34m，宽度0.16m。无法存放在容器中。
desc,idesc:wheel_rim_20,适配车轮和轮胎支架组件。半径0.33m，宽度0.16m。无法存放在容器中。
desc,idesc:wheel_rim_20_tread,适配车轮和轮胎支架组件。半径0.33m，宽度0.16m。无法存放在容器中。
desc,idesc:wheel_rim_22,适配车轮和轮胎支架组件。半径0.36m，宽度0.16m。无法存放在容器中。
desc,idesc:wheel_rim_22_tread,适配车轮和轮胎支架组件。半径0.39m，宽度0.16m。无法存放在容器中。
desc,idesc:wheel_rim_24,适配车轮和轮胎支架组件。半径0.34m，宽度0.16m。无法存放在容器中。
desc,idesc:wheel_rim_24_tread,适配车轮和轮胎支架组件。半径0.39m，宽度0.16m。无法存放在容器中。
desc,idesc:wheel_truck_out_a,适配轮胎支架和中型车轮组件。半径0.56m，宽度0.7m。无法存放在容器中。
desc,idesc:wheel_truck_out_b,适配轮胎支架和中型车轮组件。半径0.62m，宽度0.7m。无法存放在容器中。
desc,idesc:wheel_truck_in_a,适配轮胎支架和中型车轮组件。半径0.56m，宽度0.7m。无法存放在容器中。
desc,idesc:wheel_truck_in_b,适配轮胎支架和中型车轮组件。半径0.62m，宽度0.7m。无法存放在容器中。
desc,idesc:wheel4x4,适配车轮组件。半径0.43m，宽度0.16m。无法存放在容器中。
desc,idesc:battery_a,适配同尺寸的电池组件。容量4kWh。
desc,idesc:battery_b,适配同尺寸的电池组件。容量2kWh。
desc,idesc:jerry_can,容量20L。生成时装满汽油。在液体加注口上使用可以1L/s的速度加注或抽取所连接的储罐。
desc,idesc:night_vision_goggles,适配头盔。需要电池单元，续航约1.5h。佩戴时可开关。
desc,idesc:rope,可连接到绳索挂点、绞盘和滑轮，或连接到自身。长度2.5m。可在0.5m至20m之间以0.1m为步进伸缩。可攀爬。
desc,idesc:radio_a,需要电池单元，续航约8h。共6个频道。语音可传送至同频道2000m内的对讲机，距离越远信号越弱。按住副键发送语音，重新装填可更改频道。
desc,idesc:radio_b,需要电池单元，续航约8h。共6个频道。语音可传送至同频道2000m内的对讲机，距离越远信号越弱。按住副键发送语音，重新装填可更改频道。
desc,idesc:torch,需要电池单元，续航约50min。光束射程60m。
desc,idesc:automatic_pistol,半自动，.45。仅可安装45手枪弹匣。无配件插槽。
desc,idesc:submachine_gun_45,全自动，600rpm，.45。仅可安装SMG45弹匣。配备顶部导轨、前部导轨、两个侧导轨、下部导轨和消音器插槽。
desc,idesc:rifle_short_barrel,全自动，850rpm，5.56。仅可安装步枪弹匣。配备顶部导轨、前部导轨、两个侧导轨、下部导轨和消音器插槽。
desc,idesc:rifle_long_barrel,全自动，850rpm，5.56。仅可安装步枪弹匣。配备顶部导轨、前部导轨、两个侧导轨、下部导轨和消音器插槽。
desc,idesc:revolver_3,双动式，.357马格南。容量6发。从.357马格南弹药箱手动逐发装填。无配件插槽。
desc,idesc:revolver_4,双动式，.357马格南。容量6发。从.357马格南弹药箱手动逐发装填。无配件插槽。
desc,idesc:revolver_6,双动式，.357马格南。容量6发。从.357马格南弹药箱手动逐发装填。无配件插槽。
desc,idesc:bolt_action_sniper_rifle,栓动式，.308。仅可安装狙击步枪弹匣。仅有顶部导轨。
desc,idesc:battle_rifle,半自动，7.62。仅可安装战斗步枪弹匣。配备顶部导轨和消音器插槽。
desc,idesc:mg_3,全自动，1100rpm，7.62。仅可安装MG 3机枪弹匣。仅有顶部导轨。
desc,idesc:submachine_gun_k_pdw,全自动，900rpm，9mm。仅可安装SMG弹匣。仅有顶部导轨。
desc,idesc:submachine_gun_a3,全自动，800rpm，9mm。仅可安装SMG弹匣。仅有顶部导轨。
desc,idesc:submachine_gun_a3_tactical,全自动，800rpm，9mm。仅可安装SMG弹匣。配备顶部导轨、两个侧导轨和下部导轨。
desc,idesc:submachine_gun_a4,全自动，800rpm，9mm。仅可安装SMG弹匣。仅有顶部导轨。
desc,idesc:submachine_gun_sd,全自动，700rpm，9mm。仅可安装SMG弹匣。仅有顶部导轨。
desc,idesc:assault_rifle_107,全自动，850rpm，5.56。仅可安装AK-107弹匣。配备顶部导轨、下部导轨和消音器插槽。
desc,idesc:bolt_action_rifle,栓动式，.308。容量5发。从.308步枪弹药箱手动逐发装填。无配件插槽。
desc,idesc:light_machine_gun_m1,全自动，715rpm，5.56。仅可安装LMG弹匣。配备侧导轨和消音器插槽。无顶部导轨。
desc,idesc:light_machine_gun_sa,全自动，715rpm，5.56。仅可安装LMG弹匣。配备顶部导轨和消音器插槽。
desc,idesc:rifle_a3,全自动，650rpm，5.56。仅可安装A3步枪弹匣。配备顶部导轨、前部导轨、两个侧导轨、下部导轨和消音器插槽。
desc,idesc:squad_automatic_weapon,全自动，850rpm，5.56。仅可安装MG弹匣。配备顶部导轨、两个侧导轨和下部导轨。
desc,idesc:general_purpose_machine_gun,全自动，750rpm，7.62。仅可安装GPMG弹匣。无配件插槽。
desc,idesc:los_missile_system,一枚无制导导弹，无法重新装填。直线飞行，不会下坠。爆炸半径12m。尾焰会伤及身后10m内的任何人。顶部导轨可安装瞄准镜。
desc,idesc:infrared_missile_command_system,装填IR导弹。瞄准并在500kg以上的载具上静止不动，在2000m内清晰可见的情况下锁定需6s。导弹会爬升至200m后俯冲攻击目标。爆炸半径12m。
desc,idesc:m2,适配武器支架或枢轴支架。支架上需装有M2弹药箱。全自动，600rpm，..50口径高爆弹。
desc,idesc:grenade_launcher,适配武器支架或枢轴支架。支架上需装有GMG弹药。全自动，340rpm，40mm榴弹。
desc,idesc:minigun,适配武器支架或枢轴支架。支架上需装有M134加特林机枪弹药箱。全自动，3000rpm，7.62高爆弹。
desc,idesc:chemlight,折断以激活。发光60min，影响半径3m。可投掷。无法关闭。
desc,idesc:angle_flashlight,适配挂点。需要电池单元，续航约1h。光束射程60m。
desc,idesc:flare,点燃后燃烧20min，影响半径64m。可投掷。无法扑灭。
desc,idesc:grenade_smoke,按住使用键拔出插销，按住投掷键投掷。拔销后引信3s。烟雾持续60s并随风飘散。适配挂点。
desc,idesc:grenade_flash,按住使用键拔出插销，按住投掷键投掷。拔销后引信5s。使12m内视线范围内的所有人眩晕最长5s，距离越远时间越短。适配挂点。
desc,idesc:grenade_frag,按住使用键拔出插销，按住投掷键投掷。拔销后引信5s。爆炸半径6m。适配挂点。
desc,idesc:grenade_frag_m67,按住使用键拔出插销，按住投掷键投掷。拔销后引信5s。爆炸半径6m。适配挂点。
desc,idesc:556_rifle_ammo_box,20发。可为步枪弹匣、AK-107弹匣、A3步枪弹匣、LMG弹匣和MG弹匣装填。
desc,idesc:120_570mm_shell,为120mm加农炮逐发装填。存放于120mm炮弹夹中。爆炸半径10m。
desc,idesc:water_container,容量20L。生成时装满水。在液体加注口上使用可以1L/s的速度加注或抽取所连接的储罐。
desc,idesc:oil_container,容量20L。生成时装满机油。在液体加注口上使用可以1L/s的速度加注或抽取所连接的储罐。
desc,idesc:vehicle_editor_temperature,以颜色渐变显示附近载具上液体和气体节点、链接及组件内容物的温度，范围-15C至60C。将鼠标悬停在组件上可查看精确读数。
desc,idesc:vehicle_editor_weld,将两个载具或结构合并为一体。将两者的表面或框架边缘对齐至4cm以内，然后按住主键。较轻的一方会合并进较重的一方。
desc,idesc:direction_finder,需要电池单元，续航约2h，并需搭配频率卡使用。指向卡带对应的应答器且距离越近时蜂鸣越快。探测范围10km。
desc,idesc:battery_cell,适配电池供电的手持道具：手电筒、无线电、护目镜、瞄准镜和信号探测器。容量16Wh。
desc,idesc:40_365mm_shell,为40mm自动炮弹链和弹链弹匣40mm装填。存放于40mm炮弹夹中。爆炸半径6m。
desc,idesc:ammo_can_minigun,500发。适配武器支架或枢轴支架的弹药槽。仅供M134加特林机枪使用。不可重新填装。
desc,idesc:smoke_discharger_grenade,为烟雾发射器装填弹药。发射后1.5s爆开。烟雾持续30s并随风飘散。
desc,idesc:vehicle_editor_add_edge_2,在两点之间拖动以铺设一根24cm厚的横梁。每格长度花费1点。重新装填可锁定拖动轴。副键取消。
desc,idesc:rope_fast,将一端固定在绳索挂点上，另一端自然垂下。长度20m，固定不变。可攀爬。
desc,idesc:rope_electric,连接两个电气接口组件。长度2.5m。可在0.5m至20m之间伸缩。
desc,idesc:rope_data,连接两个数据接口组件。长度2.5m。可在0.5m至20m之间伸缩。
desc,idesc:rope_liquid,连接两个液体接口组件。长度2.5m。可在0.5m至20m之间伸缩。
desc,idesc:rope_gas,连接两个气体接口组件。长度2.5m。可在0.5m至20m之间伸缩。
desc,idesc:rope_mechanical,将机械接口输出端连接到机械接口输入端。长度2.5m。可在0.5m至20m之间伸缩。
